image_path,true_label_index,true_label_name,pred_label_index,pred_label_name,top1_confidence,correct
D:\Y4 FYP file\Dataset\FYP_Data_Final\Method2_Masked_CLAHE_Fair\test\Class A\10.png,0,Class A,0,Class A,0.9991497993469238,1
D:\Y4 FYP file\Dataset\FYP_Data_Final\Method2_Masked_CLAHE_Fair\test\Class A\1011.png,0,Class A,0,Class A,1.0,1
D:\Y4 FYP file\Dataset\FYP_Data_Final\Method2_Masked_CLAHE_Fair\test\Class A\1021.png,0,Class A,0,Class A,1.0,1
D:\Y4 FYP file\Dataset\FYP_Data_Final\Method2_Masked_CLAHE_Fair\test\Class A\1022.png,0,Class A,0,Class A,1.0,1
D:\Y4 FYP file\Dataset\FYP_Data_Final\Method2_Masked_CLAHE_Fair\test\Class A\1023.png,0,Class A,0,Class A,0.9999884366989136,1
D:\Y4 FYP file\Dataset\FYP_Data_Final\Method2_Masked_CLAHE_Fair\test\Class A\1024.png,0,Class A,0,Class A,1.0,1
D:\Y4 FYP file\Dataset\FYP_Data_Final\Method2_Masked_CLAHE_Fair\test\Class A\1025.png,0,Class A,0,Class A,0.9999916553497314,1
D:\Y4 FYP file\Dataset\FYP_Data_Final\Method2_Masked_CLAHE_Fair\test\Class A\1026.png,0,Class A,0,Class A,0.9996071457862854,1
D:\Y4 FYP file\Dataset\FYP_Data_Final\Method2_Masked_CLAHE_Fair\test\Class A\11.png,0,Class A,0,Class A,1.0,1
D:\Y4 FYP file\Dataset\FYP_Data_Final\Method2_Masked_CLAHE_Fair\test\Class A\110 (2).png,0,Class A,0,Class A,0.9999865293502808,1
D:\Y4 FYP file\Dataset\FYP_Data_Final\Method2_Masked_CLAHE_Fair\test\Class A\111.png,0,Class A,0,Class A,0.999909520149231,1
D:\Y4 FYP file\Dataset\FYP_Data_Final\Method2_Masked_CLAHE_Fair\test\Class A\112 (2).png,0,Class A,0,Class A,0.9999997615814209,1
D:\Y4 FYP file\Dataset\FYP_Data_Final\Method2_Masked_CLAHE_Fair\test\Class A\112.png,0,Class A,0,Class A,1.0,1
D:\Y4 FYP file\Dataset\FYP_Data_Final\Method2_Masked_CLAHE_Fair\test\Class A\120 (2).png,0,Class A,0,Class A,0.9977397918701172,1
D:\Y4 FYP file\Dataset\FYP_Data_Final\Method2_Masked_CLAHE_Fair\test\Class A\120.png,0,Class A,0,Class A,1.0,1
D:\Y4 FYP file\Dataset\FYP_Data_Final\Method2_Masked_CLAHE_Fair\test\Class A\121 (2).png,0,Class A,0,Class A,0.9999961853027344,1
D:\Y4 FYP file\Dataset\FYP_Data_Final\Method2_Masked_CLAHE_Fair\test\Class A\132.png,0,Class A,0,Class A,0.9999715089797974,1
D:\Y4 FYP file\Dataset\FYP_Data_Final\Method2_Masked_CLAHE_Fair\test\Class A\133 (2).png,0,Class A,0,Class A,0.9999599456787109,1
D:\Y4 FYP file\Dataset\FYP_Data_Final\Method2_Masked_CLAHE_Fair\test\Class A\139 (2).png,0,Class A,0,Class A,0.9989827275276184,1
D:\Y4 FYP file\Dataset\FYP_Data_Final\Method2_Masked_CLAHE_Fair\test\Class A\139.png,0,Class A,0,Class A,0.9995861649513245,1
D:\Y4 FYP file\Dataset\FYP_Data_Final\Method2_Masked_CLAHE_Fair\test\Class A\140.png,0,Class A,0,Class A,0.9999983310699463,1
D:\Y4 FYP file\Dataset\FYP_Data_Final\Method2_Masked_CLAHE_Fair\test\Class A\141 (2).png,0,Class A,0,Class A,0.9999990463256836,1
D:\Y4 FYP file\Dataset\FYP_Data_Final\Method2_Masked_CLAHE_Fair\test\Class A\141.png,0,Class A,0,Class A,1.0,1
D:\Y4 FYP file\Dataset\FYP_Data_Final\Method2_Masked_CLAHE_Fair\test\Class A\156.png,0,Class A,0,Class A,0.9975812435150146,1
D:\Y4 FYP file\Dataset\FYP_Data_Final\Method2_Masked_CLAHE_Fair\test\Class A\157 (2).png,0,Class A,0,Class A,0.9999998807907104,1
D:\Y4 FYP file\Dataset\FYP_Data_Final\Method2_Masked_CLAHE_Fair\test\Class A\157.png,0,Class A,0,Class A,0.9999914169311523,1
D:\Y4 FYP file\Dataset\FYP_Data_Final\Method2_Masked_CLAHE_Fair\test\Class A\158 (2).png,0,Class A,0,Class A,0.9996823072433472,1
D:\Y4 FYP file\Dataset\FYP_Data_Final\Method2_Masked_CLAHE_Fair\test\Class A\158.png,0,Class A,0,Class A,1.0,1
D:\Y4 FYP file\Dataset\FYP_Data_Final\Method2_Masked_CLAHE_Fair\test\Class A\159.png,0,Class A,0,Class A,1.0,1
D:\Y4 FYP file\Dataset\FYP_Data_Final\Method2_Masked_CLAHE_Fair\test\Class A\16.png,0,Class A,0,Class A,1.0,1
D:\Y4 FYP file\Dataset\FYP_Data_Final\Method2_Masked_CLAHE_Fair\test\Class A\165.png,0,Class A,0,Class A,0.9999998807907104,1
D:\Y4 FYP file\Dataset\FYP_Data_Final\Method2_Masked_CLAHE_Fair\test\Class A\179 (2).png,0,Class A,0,Class A,0.9930952191352844,1
D:\Y4 FYP file\Dataset\FYP_Data_Final\Method2_Masked_CLAHE_Fair\test\Class A\179.png,0,Class A,0,Class A,0.9999988079071045,1
D:\Y4 FYP file\Dataset\FYP_Data_Final\Method2_Masked_CLAHE_Fair\test\Class A\181 (2).png,0,Class A,0,Class A,0.9999042749404907,1
D:\Y4 FYP file\Dataset\FYP_Data_Final\Method2_Masked_CLAHE_Fair\test\Class A\187.png,0,Class A,0,Class A,0.8678374290466309,1
D:\Y4 FYP file\Dataset\FYP_Data_Final\Method2_Masked_CLAHE_Fair\test\Class A\188.png,0,Class A,0,Class A,0.9999839067459106,1
D:\Y4 FYP file\Dataset\FYP_Data_Final\Method2_Masked_CLAHE_Fair\test\Class A\189 (2).png,0,Class A,0,Class A,0.9175745844841003,1
D:\Y4 FYP file\Dataset\FYP_Data_Final\Method2_Masked_CLAHE_Fair\test\Class A\189.png,0,Class A,0,Class A,0.9871642589569092,1
D:\Y4 FYP file\Dataset\FYP_Data_Final\Method2_Masked_CLAHE_Fair\test\Class A\205.png,0,Class A,0,Class A,1.0,1
D:\Y4 FYP file\Dataset\FYP_Data_Final\Method2_Masked_CLAHE_Fair\test\Class A\206 (2).png,0,Class A,0,Class A,0.9998379945755005,1
D:\Y4 FYP file\Dataset\FYP_Data_Final\Method2_Masked_CLAHE_Fair\test\Class A\206.png,0,Class A,0,Class A,0.9070525765419006,1
D:\Y4 FYP file\Dataset\FYP_Data_Final\Method2_Masked_CLAHE_Fair\test\Class A\208.png,0,Class A,0,Class A,0.9998990297317505,1
D:\Y4 FYP file\Dataset\FYP_Data_Final\Method2_Masked_CLAHE_Fair\test\Class A\214.png,0,Class A,0,Class A,0.9999750852584839,1
D:\Y4 FYP file\Dataset\FYP_Data_Final\Method2_Masked_CLAHE_Fair\test\Class A\215.png,0,Class A,0,Class A,1.0,1
D:\Y4 FYP file\Dataset\FYP_Data_Final\Method2_Masked_CLAHE_Fair\test\Class A\216.png,0,Class A,0,Class A,0.9997672438621521,1
D:\Y4 FYP file\Dataset\FYP_Data_Final\Method2_Masked_CLAHE_Fair\test\Class A\228.png,0,Class A,0,Class A,0.9999986886978149,1
D:\Y4 FYP file\Dataset\FYP_Data_Final\Method2_Masked_CLAHE_Fair\test\Class A\234.png,0,Class A,0,Class A,0.9999604225158691,1
D:\Y4 FYP file\Dataset\FYP_Data_Final\Method2_Masked_CLAHE_Fair\test\Class A\235.png,0,Class A,0,Class A,0.9982430934906006,1
D:\Y4 FYP file\Dataset\FYP_Data_Final\Method2_Masked_CLAHE_Fair\test\Class A\236.png,0,Class A,0,Class A,1.0,1
D:\Y4 FYP file\Dataset\FYP_Data_Final\Method2_Masked_CLAHE_Fair\test\Class A\237 (2).png,0,Class A,0,Class A,0.9941490888595581,1
D:\Y4 FYP file\Dataset\FYP_Data_Final\Method2_Masked_CLAHE_Fair\test\Class A\237.png,0,Class A,0,Class A,0.9999867677688599,1
D:\Y4 FYP file\Dataset\FYP_Data_Final\Method2_Masked_CLAHE_Fair\test\Class A\244.png,0,Class A,0,Class A,0.9999380111694336,1
D:\Y4 FYP file\Dataset\FYP_Data_Final\Method2_Masked_CLAHE_Fair\test\Class A\254.png,0,Class A,0,Class A,0.9999916553497314,1
D:\Y4 FYP file\Dataset\FYP_Data_Final\Method2_Masked_CLAHE_Fair\test\Class A\255.png,0,Class A,0,Class A,1.0,1
D:\Y4 FYP file\Dataset\FYP_Data_Final\Method2_Masked_CLAHE_Fair\test\Class A\256.png,0,Class A,0,Class A,1.0,1
D:\Y4 FYP file\Dataset\FYP_Data_Final\Method2_Masked_CLAHE_Fair\test\Class A\263.png,0,Class A,0,Class A,0.9622038006782532,1
D:\Y4 FYP file\Dataset\FYP_Data_Final\Method2_Masked_CLAHE_Fair\test\Class A\265.png,0,Class A,0,Class A,1.0,1
D:\Y4 FYP file\Dataset\FYP_Data_Final\Method2_Masked_CLAHE_Fair\test\Class A\266.png,0,Class A,0,Class A,0.9997959733009338,1
D:\Y4 FYP file\Dataset\FYP_Data_Final\Method2_Masked_CLAHE_Fair\test\Class A\267.png,0,Class A,0,Class A,1.0,1
D:\Y4 FYP file\Dataset\FYP_Data_Final\Method2_Masked_CLAHE_Fair\test\Class A\28 (2).png,0,Class A,0,Class A,0.9961508512496948,1
D:\Y4 FYP file\Dataset\FYP_Data_Final\Method2_Masked_CLAHE_Fair\test\Class A\28.png,0,Class A,0,Class A,1.0,1
D:\Y4 FYP file\Dataset\FYP_Data_Final\Method2_Masked_CLAHE_Fair\test\Class A\284.png,0,Class A,0,Class A,1.0,1
D:\Y4 FYP file\Dataset\FYP_Data_Final\Method2_Masked_CLAHE_Fair\test\Class A\285.png,0,Class A,0,Class A,0.9999997615814209,1
D:\Y4 FYP file\Dataset\FYP_Data_Final\Method2_Masked_CLAHE_Fair\test\Class A\286.png,0,Class A,0,Class A,1.0,1
D:\Y4 FYP file\Dataset\FYP_Data_Final\Method2_Masked_CLAHE_Fair\test\Class A\287 (2).png,0,Class A,0,Class A,0.9427340626716614,1
D:\Y4 FYP file\Dataset\FYP_Data_Final\Method2_Masked_CLAHE_Fair\test\Class A\287.png,0,Class A,0,Class A,0.9999926090240479,1
D:\Y4 FYP file\Dataset\FYP_Data_Final\Method2_Masked_CLAHE_Fair\test\Class A\288 (2).png,0,Class A,0,Class A,0.998950183391571,1
D:\Y4 FYP file\Dataset\FYP_Data_Final\Method2_Masked_CLAHE_Fair\test\Class A\29 (2).png,0,Class A,0,Class A,0.9999371767044067,1
D:\Y4 FYP file\Dataset\FYP_Data_Final\Method2_Masked_CLAHE_Fair\test\Class A\29.png,0,Class A,0,Class A,0.9953194260597229,1
D:\Y4 FYP file\Dataset\FYP_Data_Final\Method2_Masked_CLAHE_Fair\test\Class A\295 (2).png,0,Class A,0,Class A,0.9996592998504639,1
D:\Y4 FYP file\Dataset\FYP_Data_Final\Method2_Masked_CLAHE_Fair\test\Class A\305.png,0,Class A,0,Class A,0.9988409876823425,1
D:\Y4 FYP file\Dataset\FYP_Data_Final\Method2_Masked_CLAHE_Fair\test\Class A\306 (2).png,0,Class A,1,Class B,0.985183596611023,0
D:\Y4 FYP file\Dataset\FYP_Data_Final\Method2_Masked_CLAHE_Fair\test\Class A\306.png,0,Class A,0,Class A,0.9984076619148254,1
D:\Y4 FYP file\Dataset\FYP_Data_Final\Method2_Masked_CLAHE_Fair\test\Class A\312.png,0,Class A,0,Class A,0.999991774559021,1
D:\Y4 FYP file\Dataset\FYP_Data_Final\Method2_Masked_CLAHE_Fair\test\Class A\313 (2).png,0,Class A,0,Class A,0.924689531326294,1
D:\Y4 FYP file\Dataset\FYP_Data_Final\Method2_Masked_CLAHE_Fair\test\Class A\314 (2).png,0,Class A,0,Class A,0.970024049282074,1
D:\Y4 FYP file\Dataset\FYP_Data_Final\Method2_Masked_CLAHE_Fair\test\Class A\314.png,0,Class A,0,Class A,0.999612033367157,1
D:\Y4 FYP file\Dataset\FYP_Data_Final\Method2_Masked_CLAHE_Fair\test\Class A\331 (2).png,0,Class A,0,Class A,0.9992085099220276,1
D:\Y4 FYP file\Dataset\FYP_Data_Final\Method2_Masked_CLAHE_Fair\test\Class A\331.png,0,Class A,0,Class A,1.0,1
D:\Y4 FYP file\Dataset\FYP_Data_Final\Method2_Masked_CLAHE_Fair\test\Class A\333 (2).png,0,Class A,0,Class A,0.9999994039535522,1
D:\Y4 FYP file\Dataset\FYP_Data_Final\Method2_Masked_CLAHE_Fair\test\Class A\333.png,0,Class A,0,Class A,1.0,1
D:\Y4 FYP file\Dataset\FYP_Data_Final\Method2_Masked_CLAHE_Fair\test\Class A\334.png,0,Class A,0,Class A,0.9999997615814209,1
D:\Y4 FYP file\Dataset\FYP_Data_Final\Method2_Masked_CLAHE_Fair\test\Class A\342.png,0,Class A,0,Class A,0.9997768998146057,1
D:\Y4 FYP file\Dataset\FYP_Data_Final\Method2_Masked_CLAHE_Fair\test\Class A\343 (2).png,0,Class A,0,Class A,0.9996525049209595,1
D:\Y4 FYP file\Dataset\FYP_Data_Final\Method2_Masked_CLAHE_Fair\test\Class A\356.png,0,Class A,0,Class A,1.0,1
D:\Y4 FYP file\Dataset\FYP_Data_Final\Method2_Masked_CLAHE_Fair\test\Class A\358.png,0,Class A,0,Class A,1.0,1
D:\Y4 FYP file\Dataset\FYP_Data_Final\Method2_Masked_CLAHE_Fair\test\Class A\359.png,0,Class A,0,Class A,0.9999998807907104,1
D:\Y4 FYP file\Dataset\FYP_Data_Final\Method2_Masked_CLAHE_Fair\test\Class A\36.png,0,Class A,0,Class A,1.0,1
D:\Y4 FYP file\Dataset\FYP_Data_Final\Method2_Masked_CLAHE_Fair\test\Class A\366.png,0,Class A,0,Class A,0.999998927116394,1
D:\Y4 FYP file\Dataset\FYP_Data_Final\Method2_Masked_CLAHE_Fair\test\Class A\367.png,0,Class A,0,Class A,0.9948251247406006,1
D:\Y4 FYP file\Dataset\FYP_Data_Final\Method2_Masked_CLAHE_Fair\test\Class A\368.png,0,Class A,0,Class A,0.9999903440475464,1
D:\Y4 FYP file\Dataset\FYP_Data_Final\Method2_Masked_CLAHE_Fair\test\Class A\369.png,0,Class A,0,Class A,0.999968409538269,1
D:\Y4 FYP file\Dataset\FYP_Data_Final\Method2_Masked_CLAHE_Fair\test\Class A\37.png,0,Class A,0,Class A,1.0,1
D:\Y4 FYP file\Dataset\FYP_Data_Final\Method2_Masked_CLAHE_Fair\test\Class A\38 (2).png,0,Class A,0,Class A,0.9999843835830688,1
D:\Y4 FYP file\Dataset\FYP_Data_Final\Method2_Masked_CLAHE_Fair\test\Class A\389 (2).png,0,Class A,0,Class A,0.9514061808586121,1
D:\Y4 FYP file\Dataset\FYP_Data_Final\Method2_Masked_CLAHE_Fair\test\Class A\389.png,0,Class A,0,Class A,0.9999580383300781,1
D:\Y4 FYP file\Dataset\FYP_Data_Final\Method2_Masked_CLAHE_Fair\test\Class A\391.png,0,Class A,0,Class A,0.9995695948600769,1
D:\Y4 FYP file\Dataset\FYP_Data_Final\Method2_Masked_CLAHE_Fair\test\Class A\392 (2).png,0,Class A,0,Class A,0.9991338849067688,1
D:\Y4 FYP file\Dataset\FYP_Data_Final\Method2_Masked_CLAHE_Fair\test\Class A\392.png,0,Class A,0,Class A,0.9999672174453735,1
D:\Y4 FYP file\Dataset\FYP_Data_Final\Method2_Masked_CLAHE_Fair\test\Class A\397.png,0,Class A,0,Class A,1.0,1
D:\Y4 FYP file\Dataset\FYP_Data_Final\Method2_Masked_CLAHE_Fair\test\Class A\398.png,0,Class A,0,Class A,0.9998292922973633,1
D:\Y4 FYP file\Dataset\FYP_Data_Final\Method2_Masked_CLAHE_Fair\test\Class A\411 (2).png,0,Class A,0,Class A,0.9999821186065674,1
D:\Y4 FYP file\Dataset\FYP_Data_Final\Method2_Masked_CLAHE_Fair\test\Class A\412.png,0,Class A,0,Class A,1.0,1
D:\Y4 FYP file\Dataset\FYP_Data_Final\Method2_Masked_CLAHE_Fair\test\Class A\416.png,0,Class A,0,Class A,1.0,1
D:\Y4 FYP file\Dataset\FYP_Data_Final\Method2_Masked_CLAHE_Fair\test\Class A\417 (2).png,0,Class A,0,Class A,0.9998272061347961,1
D:\Y4 FYP file\Dataset\FYP_Data_Final\Method2_Masked_CLAHE_Fair\test\Class A\417 - copia.png,0,Class A,0,Class A,0.9998272061347961,1
D:\Y4 FYP file\Dataset\FYP_Data_Final\Method2_Masked_CLAHE_Fair\test\Class A\417.png,0,Class A,0,Class A,1.0,1
D:\Y4 FYP file\Dataset\FYP_Data_Final\Method2_Masked_CLAHE_Fair\test\Class A\418.png,0,Class A,0,Class A,0.9994612336158752,1
D:\Y4 FYP file\Dataset\FYP_Data_Final\Method2_Masked_CLAHE_Fair\test\Class A\437.png,0,Class A,0,Class A,0.9999147653579712,1
D:\Y4 FYP file\Dataset\FYP_Data_Final\Method2_Masked_CLAHE_Fair\test\Class A\438 (2).png,0,Class A,0,Class A,0.8699215054512024,1
D:\Y4 FYP file\Dataset\FYP_Data_Final\Method2_Masked_CLAHE_Fair\test\Class A\438.png,0,Class A,0,Class A,0.999990701675415,1
D:\Y4 FYP file\Dataset\FYP_Data_Final\Method2_Masked_CLAHE_Fair\test\Class A\439.png,0,Class A,0,Class A,1.0,1
D:\Y4 FYP file\Dataset\FYP_Data_Final\Method2_Masked_CLAHE_Fair\test\Class A\440 (2).png,0,Class A,0,Class A,0.9999997615814209,1
D:\Y4 FYP file\Dataset\FYP_Data_Final\Method2_Masked_CLAHE_Fair\test\Class A\448.png,0,Class A,0,Class A,1.0,1
D:\Y4 FYP file\Dataset\FYP_Data_Final\Method2_Masked_CLAHE_Fair\test\Class A\449.png,0,Class A,0,Class A,0.9999997615814209,1
D:\Y4 FYP file\Dataset\FYP_Data_Final\Method2_Masked_CLAHE_Fair\test\Class A\463.png,0,Class A,0,Class A,0.9999947547912598,1
D:\Y4 FYP file\Dataset\FYP_Data_Final\Method2_Masked_CLAHE_Fair\test\Class A\465.png,0,Class A,0,Class A,1.0,1
D:\Y4 FYP file\Dataset\FYP_Data_Final\Method2_Masked_CLAHE_Fair\test\Class A\473 (2).png,0,Class A,0,Class A,0.9426618218421936,1
D:\Y4 FYP file\Dataset\FYP_Data_Final\Method2_Masked_CLAHE_Fair\test\Class A\473.png,0,Class A,0,Class A,1.0,1
D:\Y4 FYP file\Dataset\FYP_Data_Final\Method2_Masked_CLAHE_Fair\test\Class A\474 (2).png,0,Class A,0,Class A,0.9999997615814209,1
D:\Y4 FYP file\Dataset\FYP_Data_Final\Method2_Masked_CLAHE_Fair\test\Class A\474.png,0,Class A,0,Class A,0.999998927116394,1
D:\Y4 FYP file\Dataset\FYP_Data_Final\Method2_Masked_CLAHE_Fair\test\Class A\475 (2).png,0,Class A,0,Class A,0.9979370832443237,1
D:\Y4 FYP file\Dataset\FYP_Data_Final\Method2_Masked_CLAHE_Fair\test\Class A\492.png,0,Class A,0,Class A,0.9999997615814209,1
D:\Y4 FYP file\Dataset\FYP_Data_Final\Method2_Masked_CLAHE_Fair\test\Class A\493.png,0,Class A,0,Class A,0.9999998807907104,1
D:\Y4 FYP file\Dataset\FYP_Data_Final\Method2_Masked_CLAHE_Fair\test\Class A\494.png,0,Class A,0,Class A,0.9999996423721313,1
D:\Y4 FYP file\Dataset\FYP_Data_Final\Method2_Masked_CLAHE_Fair\test\Class A\495 (2).png,0,Class A,0,Class A,0.9999839067459106,1
D:\Y4 FYP file\Dataset\FYP_Data_Final\Method2_Masked_CLAHE_Fair\test\Class A\496.png,0,Class A,0,Class A,1.0,1
D:\Y4 FYP file\Dataset\FYP_Data_Final\Method2_Masked_CLAHE_Fair\test\Class A\501.png,0,Class A,0,Class A,0.9981513619422913,1
D:\Y4 FYP file\Dataset\FYP_Data_Final\Method2_Masked_CLAHE_Fair\test\Class A\502.png,0,Class A,0,Class A,0.9999991655349731,1
D:\Y4 FYP file\Dataset\FYP_Data_Final\Method2_Masked_CLAHE_Fair\test\Class A\51.png,0,Class A,0,Class A,1.0,1
D:\Y4 FYP file\Dataset\FYP_Data_Final\Method2_Masked_CLAHE_Fair\test\Class A\514.png,0,Class A,0,Class A,0.9762054085731506,1
D:\Y4 FYP file\Dataset\FYP_Data_Final\Method2_Masked_CLAHE_Fair\test\Class A\515.png,0,Class A,0,Class A,0.9998348951339722,1
D:\Y4 FYP file\Dataset\FYP_Data_Final\Method2_Masked_CLAHE_Fair\test\Class A\52.png,0,Class A,0,Class A,0.9999995231628418,1
D:\Y4 FYP file\Dataset\FYP_Data_Final\Method2_Masked_CLAHE_Fair\test\Class A\521.png,0,Class A,0,Class A,0.9989364743232727,1
D:\Y4 FYP file\Dataset\FYP_Data_Final\Method2_Masked_CLAHE_Fair\test\Class A\522.png,0,Class A,0,Class A,1.0,1
D:\Y4 FYP file\Dataset\FYP_Data_Final\Method2_Masked_CLAHE_Fair\test\Class A\523.png,0,Class A,0,Class A,0.9999690055847168,1
D:\Y4 FYP file\Dataset\FYP_Data_Final\Method2_Masked_CLAHE_Fair\test\Class A\524.png,0,Class A,0,Class A,0.999998927116394,1
D:\Y4 FYP file\Dataset\FYP_Data_Final\Method2_Masked_CLAHE_Fair\test\Class A\525.png,0,Class A,0,Class A,0.9999985694885254,1
D:\Y4 FYP file\Dataset\FYP_Data_Final\Method2_Masked_CLAHE_Fair\test\Class A\542.png,0,Class A,0,Class A,1.0,1
D:\Y4 FYP file\Dataset\FYP_Data_Final\Method2_Masked_CLAHE_Fair\test\Class A\543 (2).png,0,Class A,0,Class A,0.9728993773460388,1
D:\Y4 FYP file\Dataset\FYP_Data_Final\Method2_Masked_CLAHE_Fair\test\Class A\543.png,0,Class A,0,Class A,0.9990329742431641,1
D:\Y4 FYP file\Dataset\FYP_Data_Final\Method2_Masked_CLAHE_Fair\test\Class A\544 (2).png,0,Class A,0,Class A,0.9859151840209961,1
D:\Y4 FYP file\Dataset\FYP_Data_Final\Method2_Masked_CLAHE_Fair\test\Class A\544.png,0,Class A,0,Class A,0.9999985694885254,1
D:\Y4 FYP file\Dataset\FYP_Data_Final\Method2_Masked_CLAHE_Fair\test\Class A\550.png,0,Class A,0,Class A,0.9955706000328064,1
D:\Y4 FYP file\Dataset\FYP_Data_Final\Method2_Masked_CLAHE_Fair\test\Class A\551.png,0,Class A,0,Class A,0.9999984502792358,1
D:\Y4 FYP file\Dataset\FYP_Data_Final\Method2_Masked_CLAHE_Fair\test\Class A\565.png,0,Class A,0,Class A,0.9999970197677612,1
D:\Y4 FYP file\Dataset\FYP_Data_Final\Method2_Masked_CLAHE_Fair\test\Class A\566.png,0,Class A,0,Class A,0.9990768432617188,1
D:\Y4 FYP file\Dataset\FYP_Data_Final\Method2_Masked_CLAHE_Fair\test\Class A\574.png,0,Class A,0,Class A,0.9996612071990967,1
D:\Y4 FYP file\Dataset\FYP_Data_Final\Method2_Masked_CLAHE_Fair\test\Class A\575.png,0,Class A,0,Class A,1.0,1
D:\Y4 FYP file\Dataset\FYP_Data_Final\Method2_Masked_CLAHE_Fair\test\Class A\576.png,0,Class A,0,Class A,0.9985077977180481,1
D:\Y4 FYP file\Dataset\FYP_Data_Final\Method2_Masked_CLAHE_Fair\test\Class A\577.png,0,Class A,0,Class A,1.0,1
D:\Y4 FYP file\Dataset\FYP_Data_Final\Method2_Masked_CLAHE_Fair\test\Class A\578.png,0,Class A,0,Class A,1.0,1
D:\Y4 FYP file\Dataset\FYP_Data_Final\Method2_Masked_CLAHE_Fair\test\Class A\59.png,0,Class A,0,Class A,0.999974250793457,1
D:\Y4 FYP file\Dataset\FYP_Data_Final\Method2_Masked_CLAHE_Fair\test\Class A\6.png,0,Class A,0,Class A,0.9999990463256836,1
D:\Y4 FYP file\Dataset\FYP_Data_Final\Method2_Masked_CLAHE_Fair\test\Class A\605.png,0,Class A,0,Class A,0.9999998807907104,1
D:\Y4 FYP file\Dataset\FYP_Data_Final\Method2_Masked_CLAHE_Fair\test\Class A\606.png,0,Class A,0,Class A,0.997665524482727,1
D:\Y4 FYP file\Dataset\FYP_Data_Final\Method2_Masked_CLAHE_Fair\test\Class A\607.png,0,Class A,0,Class A,0.9999759197235107,1
D:\Y4 FYP file\Dataset\FYP_Data_Final\Method2_Masked_CLAHE_Fair\test\Class A\608.png,0,Class A,0,Class A,1.0,1
D:\Y4 FYP file\Dataset\FYP_Data_Final\Method2_Masked_CLAHE_Fair\test\Class A\609.png,0,Class A,0,Class A,1.0,1
D:\Y4 FYP file\Dataset\FYP_Data_Final\Method2_Masked_CLAHE_Fair\test\Class A\61 (2).png,0,Class A,0,Class A,0.9994738698005676,1
D:\Y4 FYP file\Dataset\FYP_Data_Final\Method2_Masked_CLAHE_Fair\test\Class A\61.png,0,Class A,0,Class A,1.0,1
D:\Y4 FYP file\Dataset\FYP_Data_Final\Method2_Masked_CLAHE_Fair\test\Class A\619.png,0,Class A,0,Class A,0.9999693632125854,1
D:\Y4 FYP file\Dataset\FYP_Data_Final\Method2_Masked_CLAHE_Fair\test\Class A\62.png,0,Class A,0,Class A,0.9999966621398926,1
D:\Y4 FYP file\Dataset\FYP_Data_Final\Method2_Masked_CLAHE_Fair\test\Class A\620.png,0,Class A,0,Class A,0.9995991587638855,1
D:\Y4 FYP file\Dataset\FYP_Data_Final\Method2_Masked_CLAHE_Fair\test\Class A\63.png,0,Class A,0,Class A,0.9998319149017334,1
D:\Y4 FYP file\Dataset\FYP_Data_Final\Method2_Masked_CLAHE_Fair\test\Class A\638.png,0,Class A,0,Class A,0.9985456466674805,1
D:\Y4 FYP file\Dataset\FYP_Data_Final\Method2_Masked_CLAHE_Fair\test\Class A\639.png,0,Class A,0,Class A,1.0,1
D:\Y4 FYP file\Dataset\FYP_Data_Final\Method2_Masked_CLAHE_Fair\test\Class A\648.png,0,Class A,0,Class A,0.9999997615814209,1
D:\Y4 FYP file\Dataset\FYP_Data_Final\Method2_Masked_CLAHE_Fair\test\Class A\649.png,0,Class A,0,Class A,0.9999980926513672,1
D:\Y4 FYP file\Dataset\FYP_Data_Final\Method2_Masked_CLAHE_Fair\test\Class A\650.png,0,Class A,0,Class A,1.0,1
D:\Y4 FYP file\Dataset\FYP_Data_Final\Method2_Masked_CLAHE_Fair\test\Class A\651.png,0,Class A,0,Class A,1.0,1
D:\Y4 FYP file\Dataset\FYP_Data_Final\Method2_Masked_CLAHE_Fair\test\Class A\653.png,0,Class A,0,Class A,1.0,1
D:\Y4 FYP file\Dataset\FYP_Data_Final\Method2_Masked_CLAHE_Fair\test\Class A\678.png,0,Class A,0,Class A,0.9998899698257446,1
D:\Y4 FYP file\Dataset\FYP_Data_Final\Method2_Masked_CLAHE_Fair\test\Class A\679.png,0,Class A,0,Class A,0.9999991655349731,1
D:\Y4 FYP file\Dataset\FYP_Data_Final\Method2_Masked_CLAHE_Fair\test\Class A\680.png,0,Class A,0,Class A,1.0,1
D:\Y4 FYP file\Dataset\FYP_Data_Final\Method2_Masked_CLAHE_Fair\test\Class A\681.png,0,Class A,0,Class A,0.9999996423721313,1
D:\Y4 FYP file\Dataset\FYP_Data_Final\Method2_Masked_CLAHE_Fair\test\Class A\682.png,0,Class A,0,Class A,0.9998810291290283,1
D:\Y4 FYP file\Dataset\FYP_Data_Final\Method2_Masked_CLAHE_Fair\test\Class A\692.png,0,Class A,0,Class A,0.999976634979248,1
D:\Y4 FYP file\Dataset\FYP_Data_Final\Method2_Masked_CLAHE_Fair\test\Class A\693.png,0,Class A,0,Class A,0.9993565678596497,1
D:\Y4 FYP file\Dataset\FYP_Data_Final\Method2_Masked_CLAHE_Fair\test\Class A\7023 (2).png,0,Class A,0,Class A,0.9960532188415527,1
D:\Y4 FYP file\Dataset\FYP_Data_Final\Method2_Masked_CLAHE_Fair\test\Class A\7023.png,0,Class A,0,Class A,0.9999641180038452,1
D:\Y4 FYP file\Dataset\FYP_Data_Final\Method2_Masked_CLAHE_Fair\test\Class A\7024.png,0,Class A,0,Class A,0.999984860420227,1
D:\Y4 FYP file\Dataset\FYP_Data_Final\Method2_Masked_CLAHE_Fair\test\Class A\7025.png,0,Class A,0,Class A,0.9999909400939941,1
D:\Y4 FYP file\Dataset\FYP_Data_Final\Method2_Masked_CLAHE_Fair\test\Class A\7033.png,0,Class A,0,Class A,0.9999994039535522,1
D:\Y4 FYP file\Dataset\FYP_Data_Final\Method2_Masked_CLAHE_Fair\test\Class A\7034 (2).png,0,Class A,0,Class A,0.9999874830245972,1
D:\Y4 FYP file\Dataset\FYP_Data_Final\Method2_Masked_CLAHE_Fair\test\Class A\7034.png,0,Class A,0,Class A,0.9999994039535522,1
D:\Y4 FYP file\Dataset\FYP_Data_Final\Method2_Masked_CLAHE_Fair\test\Class A\7049.png,0,Class A,0,Class A,0.9873875975608826,1
D:\Y4 FYP file\Dataset\FYP_Data_Final\Method2_Masked_CLAHE_Fair\test\Class A\7058.png,0,Class A,0,Class A,0.9998550415039062,1
D:\Y4 FYP file\Dataset\FYP_Data_Final\Method2_Masked_CLAHE_Fair\test\Class A\7059 (2).png,0,Class A,0,Class A,0.9999979734420776,1
D:\Y4 FYP file\Dataset\FYP_Data_Final\Method2_Masked_CLAHE_Fair\test\Class A\7059.png,0,Class A,0,Class A,0.8538728952407837,1
D:\Y4 FYP file\Dataset\FYP_Data_Final\Method2_Masked_CLAHE_Fair\test\Class A\7061.png,0,Class A,0,Class A,0.9999197721481323,1
D:\Y4 FYP file\Dataset\FYP_Data_Final\Method2_Masked_CLAHE_Fair\test\Class A\7062 (2).png,0,Class A,1,Class B,0.6898787617683411,0
D:\Y4 FYP file\Dataset\FYP_Data_Final\Method2_Masked_CLAHE_Fair\test\Class A\7062.png,0,Class A,0,Class A,0.8342341184616089,1
D:\Y4 FYP file\Dataset\FYP_Data_Final\Method2_Masked_CLAHE_Fair\test\Class A\7084.png,0,Class A,0,Class A,0.9999998807907104,1
D:\Y4 FYP file\Dataset\FYP_Data_Final\Method2_Masked_CLAHE_Fair\test\Class A\7085 (2).png,0,Class A,0,Class A,0.9975395202636719,1
D:\Y4 FYP file\Dataset\FYP_Data_Final\Method2_Masked_CLAHE_Fair\test\Class A\7085.png,0,Class A,0,Class A,0.9584347605705261,1
D:\Y4 FYP file\Dataset\FYP_Data_Final\Method2_Masked_CLAHE_Fair\test\Class A\7086 (2).png,0,Class A,1,Class B,0.910821259021759,0
D:\Y4 FYP file\Dataset\FYP_Data_Final\Method2_Masked_CLAHE_Fair\test\Class A\709.png,0,Class A,0,Class A,1.0,1
D:\Y4 FYP file\Dataset\FYP_Data_Final\Method2_Masked_CLAHE_Fair\test\Class A\7095.png,0,Class A,0,Class A,0.9897997379302979,1
D:\Y4 FYP file\Dataset\FYP_Data_Final\Method2_Masked_CLAHE_Fair\test\Class A\7096.png,0,Class A,0,Class A,1.0,1
D:\Y4 FYP file\Dataset\FYP_Data_Final\Method2_Masked_CLAHE_Fair\test\Class A\7098.png,0,Class A,0,Class A,0.9997739195823669,1
D:\Y4 FYP file\Dataset\FYP_Data_Final\Method2_Masked_CLAHE_Fair\test\Class A\710.png,0,Class A,0,Class A,0.9999972581863403,1
D:\Y4 FYP file\Dataset\FYP_Data_Final\Method2_Masked_CLAHE_Fair\test\Class A\7117.png,0,Class A,0,Class A,0.9999712705612183,1
D:\Y4 FYP file\Dataset\FYP_Data_Final\Method2_Masked_CLAHE_Fair\test\Class A\7123 (2).png,0,Class A,0,Class A,1.0,1
D:\Y4 FYP file\Dataset\FYP_Data_Final\Method2_Masked_CLAHE_Fair\test\Class A\7123.png,0,Class A,0,Class A,0.9990567564964294,1
D:\Y4 FYP file\Dataset\FYP_Data_Final\Method2_Masked_CLAHE_Fair\test\Class A\7125.png,0,Class A,0,Class A,0.9996389150619507,1
D:\Y4 FYP file\Dataset\FYP_Data_Final\Method2_Masked_CLAHE_Fair\test\Class A\7126.png,0,Class A,0,Class A,0.9999809265136719,1
D:\Y4 FYP file\Dataset\FYP_Data_Final\Method2_Masked_CLAHE_Fair\test\Class A\7128.png,0,Class A,0,Class A,0.9999926090240479,1
D:\Y4 FYP file\Dataset\FYP_Data_Final\Method2_Masked_CLAHE_Fair\test\Class A\7137.png,0,Class A,0,Class A,0.8545103669166565,1
D:\Y4 FYP file\Dataset\FYP_Data_Final\Method2_Masked_CLAHE_Fair\test\Class A\7154.png,0,Class A,0,Class A,0.9958537817001343,1
D:\Y4 FYP file\Dataset\FYP_Data_Final\Method2_Masked_CLAHE_Fair\test\Class A\7156.png,0,Class A,0,Class A,0.9985973238945007,1
D:\Y4 FYP file\Dataset\FYP_Data_Final\Method2_Masked_CLAHE_Fair\test\Class A\7157.png,0,Class A,0,Class A,0.999177873134613,1
D:\Y4 FYP file\Dataset\FYP_Data_Final\Method2_Masked_CLAHE_Fair\test\Class A\7160.png,0,Class A,0,Class A,0.9995549321174622,1
D:\Y4 FYP file\Dataset\FYP_Data_Final\Method2_Masked_CLAHE_Fair\test\Class A\7170.png,0,Class A,0,Class A,0.9948750138282776,1
D:\Y4 FYP file\Dataset\FYP_Data_Final\Method2_Masked_CLAHE_Fair\test\Class A\7172 (2).png,0,Class A,0,Class A,0.9999998807907104,1
D:\Y4 FYP file\Dataset\FYP_Data_Final\Method2_Masked_CLAHE_Fair\test\Class A\7172.png,0,Class A,0,Class A,0.9963964819908142,1
D:\Y4 FYP file\Dataset\FYP_Data_Final\Method2_Masked_CLAHE_Fair\test\Class A\720.png,0,Class A,0,Class A,0.9997969269752502,1
D:\Y4 FYP file\Dataset\FYP_Data_Final\Method2_Masked_CLAHE_Fair\test\Class A\721.png,0,Class A,0,Class A,0.9999996423721313,1
D:\Y4 FYP file\Dataset\FYP_Data_Final\Method2_Masked_CLAHE_Fair\test\Class A\723.png,0,Class A,0,Class A,0.9999837875366211,1
D:\Y4 FYP file\Dataset\FYP_Data_Final\Method2_Masked_CLAHE_Fair\test\Class A\724.png,0,Class A,0,Class A,1.0,1
D:\Y4 FYP file\Dataset\FYP_Data_Final\Method2_Masked_CLAHE_Fair\test\Class A\725.png,0,Class A,0,Class A,0.9999954700469971,1
D:\Y4 FYP file\Dataset\FYP_Data_Final\Method2_Masked_CLAHE_Fair\test\Class A\750.png,0,Class A,0,Class A,0.9718958735466003,1
D:\Y4 FYP file\Dataset\FYP_Data_Final\Method2_Masked_CLAHE_Fair\test\Class A\751.png,0,Class A,0,Class A,0.9999997615814209,1
D:\Y4 FYP file\Dataset\FYP_Data_Final\Method2_Masked_CLAHE_Fair\test\Class A\752.png,0,Class A,0,Class A,0.999924898147583,1
D:\Y4 FYP file\Dataset\FYP_Data_Final\Method2_Masked_CLAHE_Fair\test\Class A\754.png,0,Class A,0,Class A,0.9996236562728882,1
D:\Y4 FYP file\Dataset\FYP_Data_Final\Method2_Masked_CLAHE_Fair\test\Class A\765.png,0,Class A,0,Class A,0.999929666519165,1
D:\Y4 FYP file\Dataset\FYP_Data_Final\Method2_Masked_CLAHE_Fair\test\Class A\766.png,0,Class A,0,Class A,0.9986525177955627,1
D:\Y4 FYP file\Dataset\FYP_Data_Final\Method2_Masked_CLAHE_Fair\test\Class A\767.png,0,Class A,0,Class A,0.9999995231628418,1
D:\Y4 FYP file\Dataset\FYP_Data_Final\Method2_Masked_CLAHE_Fair\test\Class A\784.png,0,Class A,0,Class A,0.9999998807907104,1
D:\Y4 FYP file\Dataset\FYP_Data_Final\Method2_Masked_CLAHE_Fair\test\Class A\785.png,0,Class A,0,Class A,0.9999986886978149,1
D:\Y4 FYP file\Dataset\FYP_Data_Final\Method2_Masked_CLAHE_Fair\test\Class A\796.png,0,Class A,1,Class B,0.8977893590927124,0
D:\Y4 FYP file\Dataset\FYP_Data_Final\Method2_Masked_CLAHE_Fair\test\Class A\798.png,0,Class A,0,Class A,0.9999967813491821,1
D:\Y4 FYP file\Dataset\FYP_Data_Final\Method2_Masked_CLAHE_Fair\test\Class A\799.png,0,Class A,0,Class A,0.9999980926513672,1
D:\Y4 FYP file\Dataset\FYP_Data_Final\Method2_Masked_CLAHE_Fair\test\Class A\8.png,0,Class A,0,Class A,1.0,1
D:\Y4 FYP file\Dataset\FYP_Data_Final\Method2_Masked_CLAHE_Fair\test\Class A\800.png,0,Class A,0,Class A,1.0,1
D:\Y4 FYP file\Dataset\FYP_Data_Final\Method2_Masked_CLAHE_Fair\test\Class A\8009.png,0,Class A,0,Class A,0.9999780654907227,1
D:\Y4 FYP file\Dataset\FYP_Data_Final\Method2_Masked_CLAHE_Fair\test\Class A\801.png,0,Class A,0,Class A,1.0,1
D:\Y4 FYP file\Dataset\FYP_Data_Final\Method2_Masked_CLAHE_Fair\test\Class A\8025.png,0,Class A,0,Class A,0.9999935626983643,1
D:\Y4 FYP file\Dataset\FYP_Data_Final\Method2_Masked_CLAHE_Fair\test\Class A\8032.png,0,Class A,0,Class A,0.8895610570907593,1
D:\Y4 FYP file\Dataset\FYP_Data_Final\Method2_Masked_CLAHE_Fair\test\Class A\8037.png,0,Class A,0,Class A,0.9509903788566589,1
D:\Y4 FYP file\Dataset\FYP_Data_Final\Method2_Masked_CLAHE_Fair\test\Class A\8039.png,0,Class A,0,Class A,0.999900221824646,1
D:\Y4 FYP file\Dataset\FYP_Data_Final\Method2_Masked_CLAHE_Fair\test\Class A\8040.png,0,Class A,0,Class A,1.0,1
D:\Y4 FYP file\Dataset\FYP_Data_Final\Method2_Masked_CLAHE_Fair\test\Class A\827.png,0,Class A,0,Class A,0.9999645948410034,1
D:\Y4 FYP file\Dataset\FYP_Data_Final\Method2_Masked_CLAHE_Fair\test\Class A\829.png,0,Class A,0,Class A,0.9999998807907104,1
D:\Y4 FYP file\Dataset\FYP_Data_Final\Method2_Masked_CLAHE_Fair\test\Class A\830.png,0,Class A,0,Class A,1.0,1
D:\Y4 FYP file\Dataset\FYP_Data_Final\Method2_Masked_CLAHE_Fair\test\Class A\831.png,0,Class A,0,Class A,0.9975912570953369,1
D:\Y4 FYP file\Dataset\FYP_Data_Final\Method2_Masked_CLAHE_Fair\test\Class A\84.png,0,Class A,0,Class A,0.9999995231628418,1
D:\Y4 FYP file\Dataset\FYP_Data_Final\Method2_Masked_CLAHE_Fair\test\Class A\840.png,0,Class A,0,Class A,0.9999988079071045,1
D:\Y4 FYP file\Dataset\FYP_Data_Final\Method2_Masked_CLAHE_Fair\test\Class A\841.png,0,Class A,0,Class A,0.9997432827949524,1
D:\Y4 FYP file\Dataset\FYP_Data_Final\Method2_Masked_CLAHE_Fair\test\Class A\842.png,0,Class A,0,Class A,0.9999998807907104,1
D:\Y4 FYP file\Dataset\FYP_Data_Final\Method2_Masked_CLAHE_Fair\test\Class A\85.png,0,Class A,0,Class A,0.9999974966049194,1
D:\Y4 FYP file\Dataset\FYP_Data_Final\Method2_Masked_CLAHE_Fair\test\Class A\859.png,0,Class A,0,Class A,1.0,1
D:\Y4 FYP file\Dataset\FYP_Data_Final\Method2_Masked_CLAHE_Fair\test\Class A\86.png,0,Class A,0,Class A,0.9999926090240479,1
D:\Y4 FYP file\Dataset\FYP_Data_Final\Method2_Masked_CLAHE_Fair\test\Class A\868.png,0,Class A,0,Class A,1.0,1
D:\Y4 FYP file\Dataset\FYP_Data_Final\Method2_Masked_CLAHE_Fair\test\Class A\869.png,0,Class A,0,Class A,1.0,1
D:\Y4 FYP file\Dataset\FYP_Data_Final\Method2_Masked_CLAHE_Fair\test\Class A\87.png,0,Class A,0,Class A,0.9999994039535522,1
D:\Y4 FYP file\Dataset\FYP_Data_Final\Method2_Masked_CLAHE_Fair\test\Class A\870.png,0,Class A,0,Class A,0.999990701675415,1
D:\Y4 FYP file\Dataset\FYP_Data_Final\Method2_Masked_CLAHE_Fair\test\Class A\871.png,0,Class A,0,Class A,0.9999876022338867,1
D:\Y4 FYP file\Dataset\FYP_Data_Final\Method2_Masked_CLAHE_Fair\test\Class A\872.png,0,Class A,0,Class A,1.0,1
D:\Y4 FYP file\Dataset\FYP_Data_Final\Method2_Masked_CLAHE_Fair\test\Class A\873.png,0,Class A,0,Class A,1.0,1
D:\Y4 FYP file\Dataset\FYP_Data_Final\Method2_Masked_CLAHE_Fair\test\Class A\89.png,0,Class A,0,Class A,0.9999998807907104,1
D:\Y4 FYP file\Dataset\FYP_Data_Final\Method2_Masked_CLAHE_Fair\test\Class A\9 (2).png,0,Class A,0,Class A,0.9997629523277283,1
D:\Y4 FYP file\Dataset\FYP_Data_Final\Method2_Masked_CLAHE_Fair\test\Class A\9.png,0,Class A,0,Class A,1.0,1
D:\Y4 FYP file\Dataset\FYP_Data_Final\Method2_Masked_CLAHE_Fair\test\Class A\90.png,0,Class A,0,Class A,0.9999932050704956,1
D:\Y4 FYP file\Dataset\FYP_Data_Final\Method2_Masked_CLAHE_Fair\test\Class A\900.png,0,Class A,0,Class A,1.0,1
D:\Y4 FYP file\Dataset\FYP_Data_Final\Method2_Masked_CLAHE_Fair\test\Class A\901.png,0,Class A,0,Class A,0.9971120357513428,1
D:\Y4 FYP file\Dataset\FYP_Data_Final\Method2_Masked_CLAHE_Fair\test\Class A\902.png,0,Class A,0,Class A,0.9999814033508301,1
D:\Y4 FYP file\Dataset\FYP_Data_Final\Method2_Masked_CLAHE_Fair\test\Class A\903.png,0,Class A,0,Class A,0.9983162879943848,1
D:\Y4 FYP file\Dataset\FYP_Data_Final\Method2_Masked_CLAHE_Fair\test\Class A\912.png,0,Class A,0,Class A,0.9998623132705688,1
D:\Y4 FYP file\Dataset\FYP_Data_Final\Method2_Masked_CLAHE_Fair\test\Class A\913.png,0,Class A,0,Class A,0.9999246597290039,1
D:\Y4 FYP file\Dataset\FYP_Data_Final\Method2_Masked_CLAHE_Fair\test\Class A\914.png,0,Class A,0,Class A,0.9999988079071045,1
D:\Y4 FYP file\Dataset\FYP_Data_Final\Method2_Masked_CLAHE_Fair\test\Class A\933.png,0,Class A,0,Class A,0.9999997615814209,1
D:\Y4 FYP file\Dataset\FYP_Data_Final\Method2_Masked_CLAHE_Fair\test\Class A\942.png,0,Class A,0,Class A,0.9999983310699463,1
D:\Y4 FYP file\Dataset\FYP_Data_Final\Method2_Masked_CLAHE_Fair\test\Class A\943.png,0,Class A,0,Class A,0.9999544620513916,1
D:\Y4 FYP file\Dataset\FYP_Data_Final\Method2_Masked_CLAHE_Fair\test\Class A\944.png,0,Class A,0,Class A,0.9987565279006958,1
D:\Y4 FYP file\Dataset\FYP_Data_Final\Method2_Masked_CLAHE_Fair\test\Class A\945.png,0,Class A,0,Class A,0.9999842643737793,1
D:\Y4 FYP file\Dataset\FYP_Data_Final\Method2_Masked_CLAHE_Fair\test\Class A\947.png,0,Class A,0,Class A,0.9994478821754456,1
D:\Y4 FYP file\Dataset\FYP_Data_Final\Method2_Masked_CLAHE_Fair\test\Class A\949.png,0,Class A,0,Class A,0.9999998807907104,1
D:\Y4 FYP file\Dataset\FYP_Data_Final\Method2_Masked_CLAHE_Fair\test\Class A\96.png,0,Class A,0,Class A,1.0,1
D:\Y4 FYP file\Dataset\FYP_Data_Final\Method2_Masked_CLAHE_Fair\test\Class A\976.png,0,Class A,0,Class A,0.991084098815918,1
D:\Y4 FYP file\Dataset\FYP_Data_Final\Method2_Masked_CLAHE_Fair\test\Class A\979.png,0,Class A,0,Class A,0.9990503191947937,1
D:\Y4 FYP file\Dataset\FYP_Data_Final\Method2_Masked_CLAHE_Fair\test\Class A\980.png,0,Class A,0,Class A,0.9999064207077026,1
D:\Y4 FYP file\Dataset\FYP_Data_Final\Method2_Masked_CLAHE_Fair\test\Class A\982.png,0,Class A,0,Class A,0.9999806880950928,1
D:\Y4 FYP file\Dataset\FYP_Data_Final\Method2_Masked_CLAHE_Fair\test\Class A\992.png,0,Class A,0,Class A,1.0,1
D:\Y4 FYP file\Dataset\FYP_Data_Final\Method2_Masked_CLAHE_Fair\test\Class A\993.png,0,Class A,0,Class A,0.9996875524520874,1
D:\Y4 FYP file\Dataset\FYP_Data_Final\Method2_Masked_CLAHE_Fair\test\Class A\994.png,0,Class A,0,Class A,0.9999961853027344,1
D:\Y4 FYP file\Dataset\FYP_Data_Final\Method2_Masked_CLAHE_Fair\test\Class B\10.png,1,Class B,1,Class B,0.9892455339431763,1
D:\Y4 FYP file\Dataset\FYP_Data_Final\Method2_Masked_CLAHE_Fair\test\Class B\108 (2).png,1,Class B,1,Class B,0.9871777296066284,1
D:\Y4 FYP file\Dataset\FYP_Data_Final\Method2_Masked_CLAHE_Fair\test\Class B\108.png,1,Class B,0,Class A,0.9966970682144165,0
D:\Y4 FYP file\Dataset\FYP_Data_Final\Method2_Masked_CLAHE_Fair\test\Class B\109.png,1,Class B,1,Class B,0.9981136322021484,1
D:\Y4 FYP file\Dataset\FYP_Data_Final\Method2_Masked_CLAHE_Fair\test\Class B\11 (2).png,1,Class B,1,Class B,0.9936506152153015,1
D:\Y4 FYP file\Dataset\FYP_Data_Final\Method2_Masked_CLAHE_Fair\test\Class B\11.png,1,Class B,1,Class B,0.999833345413208,1
D:\Y4 FYP file\Dataset\FYP_Data_Final\Method2_Masked_CLAHE_Fair\test\Class B\111.png,1,Class B,1,Class B,0.897221565246582,1
D:\Y4 FYP file\Dataset\FYP_Data_Final\Method2_Masked_CLAHE_Fair\test\Class B\112.png,1,Class B,1,Class B,0.9926008582115173,1
D:\Y4 FYP file\Dataset\FYP_Data_Final\Method2_Masked_CLAHE_Fair\test\Class B\123.png,1,Class B,1,Class B,0.8175783157348633,1
D:\Y4 FYP file\Dataset\FYP_Data_Final\Method2_Masked_CLAHE_Fair\test\Class B\126 (2).png,1,Class B,1,Class B,0.9981951117515564,1
D:\Y4 FYP file\Dataset\FYP_Data_Final\Method2_Masked_CLAHE_Fair\test\Class B\147 (2).png,1,Class B,1,Class B,0.6236557960510254,1
D:\Y4 FYP file\Dataset\FYP_Data_Final\Method2_Masked_CLAHE_Fair\test\Class B\147.png,1,Class B,1,Class B,0.9993771910667419,1
D:\Y4 FYP file\Dataset\FYP_Data_Final\Method2_Masked_CLAHE_Fair\test\Class B\153.png,1,Class B,1,Class B,0.9982513785362244,1
D:\Y4 FYP file\Dataset\FYP_Data_Final\Method2_Masked_CLAHE_Fair\test\Class B\156.png,1,Class B,1,Class B,0.9984564781188965,1
D:\Y4 FYP file\Dataset\FYP_Data_Final\Method2_Masked_CLAHE_Fair\test\Class B\158.png,1,Class B,1,Class B,0.9505748152732849,1
D:\Y4 FYP file\Dataset\FYP_Data_Final\Method2_Masked_CLAHE_Fair\test\Class B\159.png,1,Class B,1,Class B,0.9686574935913086,1
D:\Y4 FYP file\Dataset\FYP_Data_Final\Method2_Masked_CLAHE_Fair\test\Class B\162 (2).png,1,Class B,1,Class B,0.9999963045120239,1
D:\Y4 FYP file\Dataset\FYP_Data_Final\Method2_Masked_CLAHE_Fair\test\Class B\200 (2).png,1,Class B,1,Class B,0.9995458722114563,1
D:\Y4 FYP file\Dataset\FYP_Data_Final\Method2_Masked_CLAHE_Fair\test\Class B\200.png,1,Class B,1,Class B,0.8235300183296204,1
D:\Y4 FYP file\Dataset\FYP_Data_Final\Method2_Masked_CLAHE_Fair\test\Class B\201.png,1,Class B,1,Class B,0.9586766958236694,1
D:\Y4 FYP file\Dataset\FYP_Data_Final\Method2_Masked_CLAHE_Fair\test\Class B\202.png,1,Class B,1,Class B,0.9741320013999939,1
D:\Y4 FYP file\Dataset\FYP_Data_Final\Method2_Masked_CLAHE_Fair\test\Class B\204.png,1,Class B,1,Class B,0.9997181296348572,1
D:\Y4 FYP file\Dataset\FYP_Data_Final\Method2_Masked_CLAHE_Fair\test\Class B\218 (2).png,1,Class B,1,Class B,0.9999877214431763,1
D:\Y4 FYP file\Dataset\FYP_Data_Final\Method2_Masked_CLAHE_Fair\test\Class B\218.png,1,Class B,1,Class B,0.8960666060447693,1
D:\Y4 FYP file\Dataset\FYP_Data_Final\Method2_Masked_CLAHE_Fair\test\Class B\23.png,1,Class B,1,Class B,0.7219561338424683,1
D:\Y4 FYP file\Dataset\FYP_Data_Final\Method2_Masked_CLAHE_Fair\test\Class B\243.png,1,Class B,1,Class B,0.8709866404533386,1
D:\Y4 FYP file\Dataset\FYP_Data_Final\Method2_Masked_CLAHE_Fair\test\Class B\244.png,1,Class B,1,Class B,0.9992172718048096,1
D:\Y4 FYP file\Dataset\FYP_Data_Final\Method2_Masked_CLAHE_Fair\test\Class B\256 (2).png,1,Class B,1,Class B,0.9756372570991516,1
D:\Y4 FYP file\Dataset\FYP_Data_Final\Method2_Masked_CLAHE_Fair\test\Class B\256.png,1,Class B,1,Class B,0.998790442943573,1
D:\Y4 FYP file\Dataset\FYP_Data_Final\Method2_Masked_CLAHE_Fair\test\Class B\258.png,1,Class B,1,Class B,0.9910358190536499,1
D:\Y4 FYP file\Dataset\FYP_Data_Final\Method2_Masked_CLAHE_Fair\test\Class B\261.png,1,Class B,1,Class B,0.998711347579956,1
D:\Y4 FYP file\Dataset\FYP_Data_Final\Method2_Masked_CLAHE_Fair\test\Class B\262.png,1,Class B,0,Class A,0.9996706247329712,0
D:\Y4 FYP file\Dataset\FYP_Data_Final\Method2_Masked_CLAHE_Fair\test\Class B\281.png,1,Class B,1,Class B,0.9993870258331299,1
D:\Y4 FYP file\Dataset\FYP_Data_Final\Method2_Masked_CLAHE_Fair\test\Class B\283.png,1,Class B,1,Class B,0.8374382257461548,1
D:\Y4 FYP file\Dataset\FYP_Data_Final\Method2_Masked_CLAHE_Fair\test\Class B\285.png,1,Class B,0,Class A,0.9860381484031677,0
D:\Y4 FYP file\Dataset\FYP_Data_Final\Method2_Masked_CLAHE_Fair\test\Class B\286.png,1,Class B,1,Class B,0.9998716115951538,1
D:\Y4 FYP file\Dataset\FYP_Data_Final\Method2_Masked_CLAHE_Fair\test\Class B\289.png,1,Class B,1,Class B,0.6391837000846863,1
D:\Y4 FYP file\Dataset\FYP_Data_Final\Method2_Masked_CLAHE_Fair\test\Class B\302 (2).png,1,Class B,1,Class B,0.9625180959701538,1
D:\Y4 FYP file\Dataset\FYP_Data_Final\Method2_Masked_CLAHE_Fair\test\Class B\302.png,1,Class B,1,Class B,0.9676862359046936,1
D:\Y4 FYP file\Dataset\FYP_Data_Final\Method2_Masked_CLAHE_Fair\test\Class B\324.png,1,Class B,1,Class B,0.9851582646369934,1
D:\Y4 FYP file\Dataset\FYP_Data_Final\Method2_Masked_CLAHE_Fair\test\Class B\325.png,1,Class B,1,Class B,0.5923104882240295,1
D:\Y4 FYP file\Dataset\FYP_Data_Final\Method2_Masked_CLAHE_Fair\test\Class B\337 (2).png,1,Class B,2,Class C,0.6543291211128235,0
D:\Y4 FYP file\Dataset\FYP_Data_Final\Method2_Masked_CLAHE_Fair\test\Class B\337.png,1,Class B,0,Class A,0.9481846690177917,0
D:\Y4 FYP file\Dataset\FYP_Data_Final\Method2_Masked_CLAHE_Fair\test\Class B\338 (2).png,1,Class B,1,Class B,0.9999455213546753,1
D:\Y4 FYP file\Dataset\FYP_Data_Final\Method2_Masked_CLAHE_Fair\test\Class B\338.png,1,Class B,1,Class B,0.9995094537734985,1
D:\Y4 FYP file\Dataset\FYP_Data_Final\Method2_Masked_CLAHE_Fair\test\Class B\340.png,1,Class B,1,Class B,0.9599984884262085,1
D:\Y4 FYP file\Dataset\FYP_Data_Final\Method2_Masked_CLAHE_Fair\test\Class B\363 (2).png,1,Class B,1,Class B,0.9999809265136719,1
D:\Y4 FYP file\Dataset\FYP_Data_Final\Method2_Masked_CLAHE_Fair\test\Class B\363.png,1,Class B,1,Class B,0.9987813830375671,1
D:\Y4 FYP file\Dataset\FYP_Data_Final\Method2_Masked_CLAHE_Fair\test\Class B\366.png,1,Class B,1,Class B,0.8918755054473877,1
D:\Y4 FYP file\Dataset\FYP_Data_Final\Method2_Masked_CLAHE_Fair\test\Class B\367 (2).png,1,Class B,1,Class B,0.9987431168556213,1
D:\Y4 FYP file\Dataset\FYP_Data_Final\Method2_Masked_CLAHE_Fair\test\Class B\367.png,1,Class B,0,Class A,0.7732554078102112,0
D:\Y4 FYP file\Dataset\FYP_Data_Final\Method2_Masked_CLAHE_Fair\test\Class B\377 (2).png,1,Class B,1,Class B,0.9973258972167969,1
D:\Y4 FYP file\Dataset\FYP_Data_Final\Method2_Masked_CLAHE_Fair\test\Class B\378 (2).png,1,Class B,1,Class B,0.9934681057929993,1
D:\Y4 FYP file\Dataset\FYP_Data_Final\Method2_Masked_CLAHE_Fair\test\Class B\395.png,1,Class B,1,Class B,0.9999428987503052,1
D:\Y4 FYP file\Dataset\FYP_Data_Final\Method2_Masked_CLAHE_Fair\test\Class B\396.png,1,Class B,1,Class B,0.9998852014541626,1
D:\Y4 FYP file\Dataset\FYP_Data_Final\Method2_Masked_CLAHE_Fair\test\Class B\408.png,1,Class B,1,Class B,0.9990979433059692,1
D:\Y4 FYP file\Dataset\FYP_Data_Final\Method2_Masked_CLAHE_Fair\test\Class B\409.png,1,Class B,1,Class B,0.9106543064117432,1
D:\Y4 FYP file\Dataset\FYP_Data_Final\Method2_Masked_CLAHE_Fair\test\Class B\410.png,1,Class B,1,Class B,0.9783130884170532,1
D:\Y4 FYP file\Dataset\FYP_Data_Final\Method2_Masked_CLAHE_Fair\test\Class B\412.png,1,Class B,2,Class C,0.6520032286643982,0
D:\Y4 FYP file\Dataset\FYP_Data_Final\Method2_Masked_CLAHE_Fair\test\Class B\417.png,1,Class B,1,Class B,0.999975323677063,1
D:\Y4 FYP file\Dataset\FYP_Data_Final\Method2_Masked_CLAHE_Fair\test\Class B\44.png,1,Class B,1,Class B,0.7171425819396973,1
D:\Y4 FYP file\Dataset\FYP_Data_Final\Method2_Masked_CLAHE_Fair\test\Class B\443.png,1,Class B,1,Class B,0.9992201328277588,1
D:\Y4 FYP file\Dataset\FYP_Data_Final\Method2_Masked_CLAHE_Fair\test\Class B\444.png,1,Class B,1,Class B,0.9969748258590698,1
D:\Y4 FYP file\Dataset\FYP_Data_Final\Method2_Masked_CLAHE_Fair\test\Class B\445 (2).png,1,Class B,1,Class B,0.9999786615371704,1
D:\Y4 FYP file\Dataset\FYP_Data_Final\Method2_Masked_CLAHE_Fair\test\Class B\445.png,1,Class B,0,Class A,0.9998195767402649,0
D:\Y4 FYP file\Dataset\FYP_Data_Final\Method2_Masked_CLAHE_Fair\test\Class B\446 (2).png,1,Class B,1,Class B,0.9998760223388672,1
D:\Y4 FYP file\Dataset\FYP_Data_Final\Method2_Masked_CLAHE_Fair\test\Class B\45.png,1,Class B,1,Class B,0.5911716818809509,1
D:\Y4 FYP file\Dataset\FYP_Data_Final\Method2_Masked_CLAHE_Fair\test\Class B\455.png,1,Class B,0,Class A,0.9999969005584717,0
D:\Y4 FYP file\Dataset\FYP_Data_Final\Method2_Masked_CLAHE_Fair\test\Class B\456.png,1,Class B,1,Class B,0.9986724853515625,1
D:\Y4 FYP file\Dataset\FYP_Data_Final\Method2_Masked_CLAHE_Fair\test\Class B\46 (2).png,1,Class B,1,Class B,0.9753275513648987,1
D:\Y4 FYP file\Dataset\FYP_Data_Final\Method2_Masked_CLAHE_Fair\test\Class B\46.png,1,Class B,1,Class B,0.840412437915802,1
D:\Y4 FYP file\Dataset\FYP_Data_Final\Method2_Masked_CLAHE_Fair\test\Class B\470.png,1,Class B,2,Class C,0.913189172744751,0
D:\Y4 FYP file\Dataset\FYP_Data_Final\Method2_Masked_CLAHE_Fair\test\Class B\471.png,1,Class B,1,Class B,0.8555347323417664,1
D:\Y4 FYP file\Dataset\FYP_Data_Final\Method2_Masked_CLAHE_Fair\test\Class B\483.png,1,Class B,3,Class D,0.9818640947341919,0
D:\Y4 FYP file\Dataset\FYP_Data_Final\Method2_Masked_CLAHE_Fair\test\Class B\484 (2).png,1,Class B,1,Class B,0.9999908208847046,1
D:\Y4 FYP file\Dataset\FYP_Data_Final\Method2_Masked_CLAHE_Fair\test\Class B\486 (2).png,1,Class B,1,Class B,0.9998881816864014,1
D:\Y4 FYP file\Dataset\FYP_Data_Final\Method2_Masked_CLAHE_Fair\test\Class B\486.png,1,Class B,1,Class B,0.9669763445854187,1
D:\Y4 FYP file\Dataset\FYP_Data_Final\Method2_Masked_CLAHE_Fair\test\Class B\487.png,1,Class B,2,Class C,0.9956848621368408,0
D:\Y4 FYP file\Dataset\FYP_Data_Final\Method2_Masked_CLAHE_Fair\test\Class B\52.png,1,Class B,1,Class B,0.8776568174362183,1
D:\Y4 FYP file\Dataset\FYP_Data_Final\Method2_Masked_CLAHE_Fair\test\Class B\525.png,1,Class B,1,Class B,0.9752845764160156,1
D:\Y4 FYP file\Dataset\FYP_Data_Final\Method2_Masked_CLAHE_Fair\test\Class B\527.png,1,Class B,1,Class B,0.9999879598617554,1
D:\Y4 FYP file\Dataset\FYP_Data_Final\Method2_Masked_CLAHE_Fair\test\Class B\529.png,1,Class B,1,Class B,0.9976765513420105,1
D:\Y4 FYP file\Dataset\FYP_Data_Final\Method2_Masked_CLAHE_Fair\test\Class B\53 (2).png,1,Class B,1,Class B,0.9868769645690918,1
D:\Y4 FYP file\Dataset\FYP_Data_Final\Method2_Masked_CLAHE_Fair\test\Class B\53.png,1,Class B,1,Class B,0.5032262206077576,1
D:\Y4 FYP file\Dataset\FYP_Data_Final\Method2_Masked_CLAHE_Fair\test\Class B\531.png,1,Class B,1,Class B,0.9277942180633545,1
D:\Y4 FYP file\Dataset\FYP_Data_Final\Method2_Masked_CLAHE_Fair\test\Class B\538.png,1,Class B,1,Class B,0.994724690914154,1
D:\Y4 FYP file\Dataset\FYP_Data_Final\Method2_Masked_CLAHE_Fair\test\Class B\539.png,1,Class B,1,Class B,0.9862152934074402,1
D:\Y4 FYP file\Dataset\FYP_Data_Final\Method2_Masked_CLAHE_Fair\test\Class B\540.png,1,Class B,1,Class B,0.9997919201850891,1
D:\Y4 FYP file\Dataset\FYP_Data_Final\Method2_Masked_CLAHE_Fair\test\Class B\559.png,1,Class B,1,Class B,0.9874233603477478,1
D:\Y4 FYP file\Dataset\FYP_Data_Final\Method2_Masked_CLAHE_Fair\test\Class B\560.png,1,Class B,1,Class B,0.9870330095291138,1
D:\Y4 FYP file\Dataset\FYP_Data_Final\Method2_Masked_CLAHE_Fair\test\Class B\576.png,1,Class B,2,Class C,0.5140466094017029,0
D:\Y4 FYP file\Dataset\FYP_Data_Final\Method2_Masked_CLAHE_Fair\test\Class B\577.png,1,Class B,1,Class B,0.9700093865394592,1
D:\Y4 FYP file\Dataset\FYP_Data_Final\Method2_Masked_CLAHE_Fair\test\Class B\578.png,1,Class B,1,Class B,0.6367883682250977,1
D:\Y4 FYP file\Dataset\FYP_Data_Final\Method2_Masked_CLAHE_Fair\test\Class B\579.png,1,Class B,1,Class B,0.998364269733429,1
D:\Y4 FYP file\Dataset\FYP_Data_Final\Method2_Masked_CLAHE_Fair\test\Class B\582.png,1,Class B,1,Class B,0.9990153312683105,1
D:\Y4 FYP file\Dataset\FYP_Data_Final\Method2_Masked_CLAHE_Fair\test\Class B\7006.png,1,Class B,1,Class B,0.9998538494110107,1
D:\Y4 FYP file\Dataset\FYP_Data_Final\Method2_Masked_CLAHE_Fair\test\Class B\7009.png,1,Class B,1,Class B,0.9916136264801025,1
D:\Y4 FYP file\Dataset\FYP_Data_Final\Method2_Masked_CLAHE_Fair\test\Class B\7010.png,1,Class B,1,Class B,0.9870063066482544,1
D:\Y4 FYP file\Dataset\FYP_Data_Final\Method2_Masked_CLAHE_Fair\test\Class B\7012.png,1,Class B,1,Class B,0.9552739262580872,1
D:\Y4 FYP file\Dataset\FYP_Data_Final\Method2_Masked_CLAHE_Fair\test\Class B\7022.png,1,Class B,0,Class A,0.9999209642410278,0
D:\Y4 FYP file\Dataset\FYP_Data_Final\Method2_Masked_CLAHE_Fair\test\Class B\7024.png,1,Class B,0,Class A,0.9245814085006714,0
D:\Y4 FYP file\Dataset\FYP_Data_Final\Method2_Masked_CLAHE_Fair\test\Class B\7025.png,1,Class B,1,Class B,0.8529794216156006,1
D:\Y4 FYP file\Dataset\FYP_Data_Final\Method2_Masked_CLAHE_Fair\test\Class B\7050.png,1,Class B,1,Class B,0.9802182912826538,1
D:\Y4 FYP file\Dataset\FYP_Data_Final\Method2_Masked_CLAHE_Fair\test\Class B\7060.png,1,Class B,0,Class A,0.997011661529541,0
D:\Y4 FYP file\Dataset\FYP_Data_Final\Method2_Masked_CLAHE_Fair\test\Class B\7064 (2).png,1,Class B,0,Class A,0.9973917007446289,0
D:\Y4 FYP file\Dataset\FYP_Data_Final\Method2_Masked_CLAHE_Fair\test\Class B\7064.png,1,Class B,1,Class B,0.9671220779418945,1
D:\Y4 FYP file\Dataset\FYP_Data_Final\Method2_Masked_CLAHE_Fair\test\Class B\7066.png,1,Class B,1,Class B,0.9330504536628723,1
D:\Y4 FYP file\Dataset\FYP_Data_Final\Method2_Masked_CLAHE_Fair\test\Class B\7067.png,1,Class B,0,Class A,0.9887233972549438,0
D:\Y4 FYP file\Dataset\FYP_Data_Final\Method2_Masked_CLAHE_Fair\test\Class B\7068.png,1,Class B,1,Class B,0.9899535775184631,1
D:\Y4 FYP file\Dataset\FYP_Data_Final\Method2_Masked_CLAHE_Fair\test\Class B\7102 (2).png,1,Class B,1,Class B,0.9867081642150879,1
D:\Y4 FYP file\Dataset\FYP_Data_Final\Method2_Masked_CLAHE_Fair\test\Class B\7103.png,1,Class B,1,Class B,0.9990031123161316,1
D:\Y4 FYP file\Dataset\FYP_Data_Final\Method2_Masked_CLAHE_Fair\test\Class B\7104.png,1,Class B,1,Class B,0.999663233757019,1
D:\Y4 FYP file\Dataset\FYP_Data_Final\Method2_Masked_CLAHE_Fair\test\Class B\7105 (2).png,1,Class B,1,Class B,0.9387638568878174,1
D:\Y4 FYP file\Dataset\FYP_Data_Final\Method2_Masked_CLAHE_Fair\test\Class B\7115.png,1,Class B,1,Class B,0.6838025450706482,1
D:\Y4 FYP file\Dataset\FYP_Data_Final\Method2_Masked_CLAHE_Fair\test\Class B\7116.png,1,Class B,1,Class B,0.880132794380188,1
D:\Y4 FYP file\Dataset\FYP_Data_Final\Method2_Masked_CLAHE_Fair\test\Class B\7117.png,1,Class B,1,Class B,0.9256100654602051,1
D:\Y4 FYP file\Dataset\FYP_Data_Final\Method2_Masked_CLAHE_Fair\test\Class B\7138 (2).png,1,Class B,1,Class B,0.6730196475982666,1
D:\Y4 FYP file\Dataset\FYP_Data_Final\Method2_Masked_CLAHE_Fair\test\Class B\7148.png,1,Class B,1,Class B,0.9950360655784607,1
D:\Y4 FYP file\Dataset\FYP_Data_Final\Method2_Masked_CLAHE_Fair\test\Class B\7149.png,1,Class B,1,Class B,0.9933565258979797,1
D:\Y4 FYP file\Dataset\FYP_Data_Final\Method2_Masked_CLAHE_Fair\test\Class B\7153.png,1,Class B,1,Class B,0.9646382331848145,1
D:\Y4 FYP file\Dataset\FYP_Data_Final\Method2_Masked_CLAHE_Fair\test\Class B\7154.png,1,Class B,1,Class B,0.9542824029922485,1
D:\Y4 FYP file\Dataset\FYP_Data_Final\Method2_Masked_CLAHE_Fair\test\Class B\7155 (2).png,1,Class B,1,Class B,0.7854763865470886,1
D:\Y4 FYP file\Dataset\FYP_Data_Final\Method2_Masked_CLAHE_Fair\test\Class B\7155.png,1,Class B,1,Class B,0.9721080660820007,1
D:\Y4 FYP file\Dataset\FYP_Data_Final\Method2_Masked_CLAHE_Fair\test\Class B\7180.png,1,Class B,1,Class B,0.9887758493423462,1
D:\Y4 FYP file\Dataset\FYP_Data_Final\Method2_Masked_CLAHE_Fair\test\Class B\7182.png,1,Class B,1,Class B,0.5502248406410217,1
D:\Y4 FYP file\Dataset\FYP_Data_Final\Method2_Masked_CLAHE_Fair\test\Class B\7183.png,1,Class B,1,Class B,0.9585261940956116,1
D:\Y4 FYP file\Dataset\FYP_Data_Final\Method2_Masked_CLAHE_Fair\test\Class B\7186.png,1,Class B,1,Class B,0.9974591135978699,1
D:\Y4 FYP file\Dataset\FYP_Data_Final\Method2_Masked_CLAHE_Fair\test\Class B\72 (2).png,1,Class B,1,Class B,0.9999995231628418,1
D:\Y4 FYP file\Dataset\FYP_Data_Final\Method2_Masked_CLAHE_Fair\test\Class B\8 (2).png,1,Class B,1,Class B,0.5410154461860657,1
D:\Y4 FYP file\Dataset\FYP_Data_Final\Method2_Masked_CLAHE_Fair\test\Class B\8.png,1,Class B,1,Class B,0.7859364748001099,1
D:\Y4 FYP file\Dataset\FYP_Data_Final\Method2_Masked_CLAHE_Fair\test\Class B\80.png,1,Class B,1,Class B,0.9880786538124084,1
D:\Y4 FYP file\Dataset\FYP_Data_Final\Method2_Masked_CLAHE_Fair\test\Class B\8010 (2).png,1,Class B,1,Class B,0.9999881982803345,1
D:\Y4 FYP file\Dataset\FYP_Data_Final\Method2_Masked_CLAHE_Fair\test\Class B\8010.png,1,Class B,0,Class A,0.8472950458526611,0
D:\Y4 FYP file\Dataset\FYP_Data_Final\Method2_Masked_CLAHE_Fair\test\Class B\8013.png,1,Class B,1,Class B,0.9931057095527649,1
D:\Y4 FYP file\Dataset\FYP_Data_Final\Method2_Masked_CLAHE_Fair\test\Class B\8040.png,1,Class B,1,Class B,0.9995187520980835,1
D:\Y4 FYP file\Dataset\FYP_Data_Final\Method2_Masked_CLAHE_Fair\test\Class B\8054.png,1,Class B,1,Class B,0.9465006589889526,1
D:\Y4 FYP file\Dataset\FYP_Data_Final\Method2_Masked_CLAHE_Fair\test\Class B\8056.png,1,Class B,1,Class B,0.9952206015586853,1
D:\Y4 FYP file\Dataset\FYP_Data_Final\Method2_Masked_CLAHE_Fair\test\Class B\8057 (2).png,1,Class B,1,Class B,0.998832643032074,1
D:\Y4 FYP file\Dataset\FYP_Data_Final\Method2_Masked_CLAHE_Fair\test\Class B\8057.png,1,Class B,2,Class C,0.5072358250617981,0
D:\Y4 FYP file\Dataset\FYP_Data_Final\Method2_Masked_CLAHE_Fair\test\Class B\8061.png,1,Class B,1,Class B,0.9997876286506653,1
D:\Y4 FYP file\Dataset\FYP_Data_Final\Method2_Masked_CLAHE_Fair\test\Class B\8062 (2).png,1,Class B,1,Class B,0.9995579123497009,1
D:\Y4 FYP file\Dataset\FYP_Data_Final\Method2_Masked_CLAHE_Fair\test\Class B\8092.png,1,Class B,1,Class B,0.9999707937240601,1
D:\Y4 FYP file\Dataset\FYP_Data_Final\Method2_Masked_CLAHE_Fair\test\Class B\8093.png,1,Class B,1,Class B,0.999201238155365,1
D:\Y4 FYP file\Dataset\FYP_Data_Final\Method2_Masked_CLAHE_Fair\test\Class B\8094.png,1,Class B,1,Class B,0.9999719858169556,1
D:\Y4 FYP file\Dataset\FYP_Data_Final\Method2_Masked_CLAHE_Fair\test\Class B\8095.png,1,Class B,1,Class B,0.9999974966049194,1
D:\Y4 FYP file\Dataset\FYP_Data_Final\Method2_Masked_CLAHE_Fair\test\Class B\81 (2).png,1,Class B,2,Class C,0.874230682849884,0
D:\Y4 FYP file\Dataset\FYP_Data_Final\Method2_Masked_CLAHE_Fair\test\Class B\81.png,1,Class B,1,Class B,0.9958956241607666,1
D:\Y4 FYP file\Dataset\FYP_Data_Final\Method2_Masked_CLAHE_Fair\test\Class B\8106.png,1,Class B,1,Class B,0.9081065654754639,1
D:\Y4 FYP file\Dataset\FYP_Data_Final\Method2_Masked_CLAHE_Fair\test\Class B\8107.png,1,Class B,1,Class B,0.9973942041397095,1
D:\Y4 FYP file\Dataset\FYP_Data_Final\Method2_Masked_CLAHE_Fair\test\Class B\8108.png,1,Class B,1,Class B,0.9999691247940063,1
D:\Y4 FYP file\Dataset\FYP_Data_Final\Method2_Masked_CLAHE_Fair\test\Class B\8137.png,1,Class B,1,Class B,0.9988270401954651,1
D:\Y4 FYP file\Dataset\FYP_Data_Final\Method2_Masked_CLAHE_Fair\test\Class B\8149.png,1,Class B,1,Class B,0.9991717338562012,1
D:\Y4 FYP file\Dataset\FYP_Data_Final\Method2_Masked_CLAHE_Fair\test\Class B\8152 (2).png,1,Class B,1,Class B,0.9983192086219788,1
D:\Y4 FYP file\Dataset\FYP_Data_Final\Method2_Masked_CLAHE_Fair\test\Class B\8152.png,1,Class B,1,Class B,0.9976755976676941,1
D:\Y4 FYP file\Dataset\FYP_Data_Final\Method2_Masked_CLAHE_Fair\test\Class B\8155 (2).png,1,Class B,1,Class B,0.9984365105628967,1
D:\Y4 FYP file\Dataset\FYP_Data_Final\Method2_Masked_CLAHE_Fair\test\Class B\8155.png,1,Class B,1,Class B,0.9998569488525391,1
D:\Y4 FYP file\Dataset\FYP_Data_Final\Method2_Masked_CLAHE_Fair\test\Class B\8157.png,1,Class B,1,Class B,0.9999722242355347,1
D:\Y4 FYP file\Dataset\FYP_Data_Final\Method2_Masked_CLAHE_Fair\test\Class B\8193.png,1,Class B,1,Class B,0.9974983334541321,1
D:\Y4 FYP file\Dataset\FYP_Data_Final\Method2_Masked_CLAHE_Fair\test\Class B\8195.png,1,Class B,1,Class B,0.9165516495704651,1
D:\Y4 FYP file\Dataset\FYP_Data_Final\Method2_Masked_CLAHE_Fair\test\Class B\85 (2).png,1,Class B,2,Class C,0.6425054669380188,0
D:\Y4 FYP file\Dataset\FYP_Data_Final\Method2_Masked_CLAHE_Fair\test\Class B\86 (2).png,1,Class B,1,Class B,0.999825656414032,1
D:\Y4 FYP file\Dataset\FYP_Data_Final\Method2_Masked_CLAHE_Fair\test\Class B\86.png,1,Class B,0,Class A,0.9183063507080078,0
D:\Y4 FYP file\Dataset\FYP_Data_Final\Method2_Masked_CLAHE_Fair\test\Class B\9.png,1,Class B,1,Class B,0.9984979629516602,1
D:\Y4 FYP file\Dataset\FYP_Data_Final\Method2_Masked_CLAHE_Fair\test\Class C\1.png,2,Class C,2,Class C,0.9999194145202637,1
D:\Y4 FYP file\Dataset\FYP_Data_Final\Method2_Masked_CLAHE_Fair\test\Class C\109.png,2,Class C,2,Class C,0.980724573135376,1
D:\Y4 FYP file\Dataset\FYP_Data_Final\Method2_Masked_CLAHE_Fair\test\Class C\110.png,2,Class C,2,Class C,0.999950647354126,1
D:\Y4 FYP file\Dataset\FYP_Data_Final\Method2_Masked_CLAHE_Fair\test\Class C\111 (2).png,2,Class C,1,Class B,0.8330898284912109,0
D:\Y4 FYP file\Dataset\FYP_Data_Final\Method2_Masked_CLAHE_Fair\test\Class C\115.png,2,Class C,2,Class C,0.9998738765716553,1
D:\Y4 FYP file\Dataset\FYP_Data_Final\Method2_Masked_CLAHE_Fair\test\Class C\116.png,2,Class C,3,Class D,0.5800315141677856,0
D:\Y4 FYP file\Dataset\FYP_Data_Final\Method2_Masked_CLAHE_Fair\test\Class C\178.png,2,Class C,2,Class C,0.9797449707984924,1
D:\Y4 FYP file\Dataset\FYP_Data_Final\Method2_Masked_CLAHE_Fair\test\Class C\181.png,2,Class C,2,Class C,0.9316771626472473,1
D:\Y4 FYP file\Dataset\FYP_Data_Final\Method2_Masked_CLAHE_Fair\test\Class C\183.png,2,Class C,2,Class C,0.9999992847442627,1
D:\Y4 FYP file\Dataset\FYP_Data_Final\Method2_Masked_CLAHE_Fair\test\Class C\209.png,2,Class C,2,Class C,0.9970211386680603,1
D:\Y4 FYP file\Dataset\FYP_Data_Final\Method2_Masked_CLAHE_Fair\test\Class C\212.png,2,Class C,2,Class C,0.9996637105941772,1
D:\Y4 FYP file\Dataset\FYP_Data_Final\Method2_Masked_CLAHE_Fair\test\Class C\213.png,2,Class C,2,Class C,0.9167210459709167,1
D:\Y4 FYP file\Dataset\FYP_Data_Final\Method2_Masked_CLAHE_Fair\test\Class C\214.png,2,Class C,2,Class C,0.9989932179450989,1
D:\Y4 FYP file\Dataset\FYP_Data_Final\Method2_Masked_CLAHE_Fair\test\Class C\24.png,2,Class C,2,Class C,0.9989185333251953,1
D:\Y4 FYP file\Dataset\FYP_Data_Final\Method2_Masked_CLAHE_Fair\test\Class C\260 (2).png,2,Class C,3,Class D,0.8500009179115295,0
D:\Y4 FYP file\Dataset\FYP_Data_Final\Method2_Masked_CLAHE_Fair\test\Class C\260.png,2,Class C,2,Class C,0.998479425907135,1
D:\Y4 FYP file\Dataset\FYP_Data_Final\Method2_Masked_CLAHE_Fair\test\Class C\266.png,2,Class C,2,Class C,0.9587799310684204,1
D:\Y4 FYP file\Dataset\FYP_Data_Final\Method2_Masked_CLAHE_Fair\test\Class C\269.png,2,Class C,2,Class C,0.5806436538696289,1
D:\Y4 FYP file\Dataset\FYP_Data_Final\Method2_Masked_CLAHE_Fair\test\Class C\27.png,2,Class C,2,Class C,0.8087811470031738,1
D:\Y4 FYP file\Dataset\FYP_Data_Final\Method2_Masked_CLAHE_Fair\test\Class C\29.png,2,Class C,2,Class C,0.9998935461044312,1
D:\Y4 FYP file\Dataset\FYP_Data_Final\Method2_Masked_CLAHE_Fair\test\Class C\295.png,2,Class C,1,Class B,0.5476943254470825,0
D:\Y4 FYP file\Dataset\FYP_Data_Final\Method2_Masked_CLAHE_Fair\test\Class C\298.png,2,Class C,3,Class D,0.9998225569725037,0
D:\Y4 FYP file\Dataset\FYP_Data_Final\Method2_Masked_CLAHE_Fair\test\Class C\299.png,2,Class C,2,Class C,0.9997366070747375,1
D:\Y4 FYP file\Dataset\FYP_Data_Final\Method2_Masked_CLAHE_Fair\test\Class C\31.png,2,Class C,2,Class C,0.9991996884346008,1
D:\Y4 FYP file\Dataset\FYP_Data_Final\Method2_Masked_CLAHE_Fair\test\Class C\35 (2).png,2,Class C,2,Class C,0.9224595427513123,1
D:\Y4 FYP file\Dataset\FYP_Data_Final\Method2_Masked_CLAHE_Fair\test\Class C\357.png,2,Class C,2,Class C,0.9836091995239258,1
D:\Y4 FYP file\Dataset\FYP_Data_Final\Method2_Masked_CLAHE_Fair\test\Class C\362.png,2,Class C,2,Class C,0.9999876022338867,1
D:\Y4 FYP file\Dataset\FYP_Data_Final\Method2_Masked_CLAHE_Fair\test\Class C\364.png,2,Class C,2,Class C,0.9997931122779846,1
D:\Y4 FYP file\Dataset\FYP_Data_Final\Method2_Masked_CLAHE_Fair\test\Class C\365.png,2,Class C,2,Class C,0.9949001669883728,1
D:\Y4 FYP file\Dataset\FYP_Data_Final\Method2_Masked_CLAHE_Fair\test\Class C\370.png,2,Class C,2,Class C,0.9949204325675964,1
D:\Y4 FYP file\Dataset\FYP_Data_Final\Method2_Masked_CLAHE_Fair\test\Class C\386 (2).png,2,Class C,2,Class C,0.9954389929771423,1
D:\Y4 FYP file\Dataset\FYP_Data_Final\Method2_Masked_CLAHE_Fair\test\Class C\390.png,2,Class C,2,Class C,0.9940961599349976,1
D:\Y4 FYP file\Dataset\FYP_Data_Final\Method2_Masked_CLAHE_Fair\test\Class C\435.png,2,Class C,2,Class C,0.9984928369522095,1
D:\Y4 FYP file\Dataset\FYP_Data_Final\Method2_Masked_CLAHE_Fair\test\Class C\460.png,2,Class C,2,Class C,0.9999998807907104,1
D:\Y4 FYP file\Dataset\FYP_Data_Final\Method2_Masked_CLAHE_Fair\test\Class C\462.png,2,Class C,2,Class C,0.5659891366958618,1
D:\Y4 FYP file\Dataset\FYP_Data_Final\Method2_Masked_CLAHE_Fair\test\Class C\463.png,2,Class C,2,Class C,0.9973892569541931,1
D:\Y4 FYP file\Dataset\FYP_Data_Final\Method2_Masked_CLAHE_Fair\test\Class C\464.png,2,Class C,1,Class B,0.971473217010498,0
D:\Y4 FYP file\Dataset\FYP_Data_Final\Method2_Masked_CLAHE_Fair\test\Class C\471.png,2,Class C,2,Class C,0.9947766065597534,1
D:\Y4 FYP file\Dataset\FYP_Data_Final\Method2_Masked_CLAHE_Fair\test\Class C\488.png,2,Class C,1,Class B,0.8514570593833923,0
D:\Y4 FYP file\Dataset\FYP_Data_Final\Method2_Masked_CLAHE_Fair\test\Class C\511.png,2,Class C,2,Class C,0.9800688028335571,1
D:\Y4 FYP file\Dataset\FYP_Data_Final\Method2_Masked_CLAHE_Fair\test\Class C\515.png,2,Class C,2,Class C,0.9984820485115051,1
D:\Y4 FYP file\Dataset\FYP_Data_Final\Method2_Masked_CLAHE_Fair\test\Class C\534.png,2,Class C,2,Class C,0.9999234676361084,1
D:\Y4 FYP file\Dataset\FYP_Data_Final\Method2_Masked_CLAHE_Fair\test\Class C\536.png,2,Class C,2,Class C,0.9998200535774231,1
D:\Y4 FYP file\Dataset\FYP_Data_Final\Method2_Masked_CLAHE_Fair\test\Class C\54.png,2,Class C,2,Class C,0.7684794664382935,1
D:\Y4 FYP file\Dataset\FYP_Data_Final\Method2_Masked_CLAHE_Fair\test\Class C\542.png,2,Class C,2,Class C,0.9834501147270203,1
D:\Y4 FYP file\Dataset\FYP_Data_Final\Method2_Masked_CLAHE_Fair\test\Class C\544 (2).png,2,Class C,2,Class C,0.9982585310935974,1
D:\Y4 FYP file\Dataset\FYP_Data_Final\Method2_Masked_CLAHE_Fair\test\Class C\544.png,2,Class C,2,Class C,0.9892256855964661,1
D:\Y4 FYP file\Dataset\FYP_Data_Final\Method2_Masked_CLAHE_Fair\test\Class C\617.png,2,Class C,1,Class B,0.6642776727676392,0
D:\Y4 FYP file\Dataset\FYP_Data_Final\Method2_Masked_CLAHE_Fair\test\Class C\618.png,2,Class C,2,Class C,0.9999892711639404,1
D:\Y4 FYP file\Dataset\FYP_Data_Final\Method2_Masked_CLAHE_Fair\test\Class C\620.png,2,Class C,2,Class C,0.9996485710144043,1
D:\Y4 FYP file\Dataset\FYP_Data_Final\Method2_Masked_CLAHE_Fair\test\Class C\77.png,2,Class C,2,Class C,0.9628530740737915,1
D:\Y4 FYP file\Dataset\FYP_Data_Final\Method2_Masked_CLAHE_Fair\test\Class C\79.png,2,Class C,2,Class C,0.9152100682258606,1
D:\Y4 FYP file\Dataset\FYP_Data_Final\Method2_Masked_CLAHE_Fair\test\Class C\8001 (2).png,2,Class C,2,Class C,0.9999302625656128,1
D:\Y4 FYP file\Dataset\FYP_Data_Final\Method2_Masked_CLAHE_Fair\test\Class C\8001.png,2,Class C,2,Class C,0.9220374226570129,1
D:\Y4 FYP file\Dataset\FYP_Data_Final\Method2_Masked_CLAHE_Fair\test\Class C\8002 (2).png,2,Class C,2,Class C,0.9997857213020325,1
D:\Y4 FYP file\Dataset\FYP_Data_Final\Method2_Masked_CLAHE_Fair\test\Class C\8002.png,2,Class C,2,Class C,0.8129117488861084,1
D:\Y4 FYP file\Dataset\FYP_Data_Final\Method2_Masked_CLAHE_Fair\test\Class C\8024 (2).png,2,Class C,2,Class C,0.9805577993392944,1
D:\Y4 FYP file\Dataset\FYP_Data_Final\Method2_Masked_CLAHE_Fair\test\Class C\8024.png,2,Class C,2,Class C,0.9369850754737854,1
D:\Y4 FYP file\Dataset\FYP_Data_Final\Method2_Masked_CLAHE_Fair\test\Class C\8025.png,2,Class C,2,Class C,0.9744577407836914,1
D:\Y4 FYP file\Dataset\FYP_Data_Final\Method2_Masked_CLAHE_Fair\test\Class C\8027 (2).png,2,Class C,2,Class C,0.610769510269165,1
D:\Y4 FYP file\Dataset\FYP_Data_Final\Method2_Masked_CLAHE_Fair\test\Class C\8027.png,2,Class C,2,Class C,0.9997562766075134,1
D:\Y4 FYP file\Dataset\FYP_Data_Final\Method2_Masked_CLAHE_Fair\test\Class C\8031 (2).png,2,Class C,2,Class C,0.9927167296409607,1
D:\Y4 FYP file\Dataset\FYP_Data_Final\Method2_Masked_CLAHE_Fair\test\Class C\8033.png,2,Class C,2,Class C,0.9999052286148071,1
D:\Y4 FYP file\Dataset\FYP_Data_Final\Method2_Masked_CLAHE_Fair\test\Class C\8044.png,2,Class C,2,Class C,0.9731797575950623,1
D:\Y4 FYP file\Dataset\FYP_Data_Final\Method2_Masked_CLAHE_Fair\test\Class C\8045 (2).png,2,Class C,1,Class B,0.9970111846923828,0
D:\Y4 FYP file\Dataset\FYP_Data_Final\Method2_Masked_CLAHE_Fair\test\Class C\8045.png,2,Class C,2,Class C,0.6683175563812256,1
D:\Y4 FYP file\Dataset\FYP_Data_Final\Method2_Masked_CLAHE_Fair\test\Class C\8046.png,2,Class C,1,Class B,0.9380342960357666,0
D:\Y4 FYP file\Dataset\FYP_Data_Final\Method2_Masked_CLAHE_Fair\test\Class C\8048 (2).png,2,Class C,2,Class C,0.9999501705169678,1
D:\Y4 FYP file\Dataset\FYP_Data_Final\Method2_Masked_CLAHE_Fair\test\Class C\8049.png,2,Class C,1,Class B,0.8340797424316406,0
D:\Y4 FYP file\Dataset\FYP_Data_Final\Method2_Masked_CLAHE_Fair\test\Class C\8050.png,2,Class C,2,Class C,0.9700949788093567,1
D:\Y4 FYP file\Dataset\FYP_Data_Final\Method2_Masked_CLAHE_Fair\test\Class C\8059.png,2,Class C,2,Class C,0.9885246157646179,1
D:\Y4 FYP file\Dataset\FYP_Data_Final\Method2_Masked_CLAHE_Fair\test\Class C\8060 (2).png,2,Class C,1,Class B,0.996813952922821,0
D:\Y4 FYP file\Dataset\FYP_Data_Final\Method2_Masked_CLAHE_Fair\test\Class C\8060.png,2,Class C,2,Class C,0.9997994303703308,1
D:\Y4 FYP file\Dataset\FYP_Data_Final\Method2_Masked_CLAHE_Fair\test\Class C\8062.png,2,Class C,2,Class C,0.904677152633667,1
D:\Y4 FYP file\Dataset\FYP_Data_Final\Method2_Masked_CLAHE_Fair\test\Class C\8063.png,2,Class C,2,Class C,0.9954861998558044,1
D:\Y4 FYP file\Dataset\FYP_Data_Final\Method2_Masked_CLAHE_Fair\test\Class C\8064 (2).png,2,Class C,2,Class C,0.9996179342269897,1
D:\Y4 FYP file\Dataset\FYP_Data_Final\Method2_Masked_CLAHE_Fair\test\Class C\8064.png,2,Class C,2,Class C,0.9999998807907104,1
D:\Y4 FYP file\Dataset\FYP_Data_Final\Method2_Masked_CLAHE_Fair\test\Class C\8084.png,2,Class C,2,Class C,0.7464624643325806,1
D:\Y4 FYP file\Dataset\FYP_Data_Final\Method2_Masked_CLAHE_Fair\test\Class C\8087 (2).png,2,Class C,2,Class C,0.9999982118606567,1
D:\Y4 FYP file\Dataset\FYP_Data_Final\Method2_Masked_CLAHE_Fair\test\Class C\8087.png,2,Class C,2,Class C,0.9639725685119629,1
D:\Y4 FYP file\Dataset\FYP_Data_Final\Method2_Masked_CLAHE_Fair\test\Class C\8089.png,2,Class C,2,Class C,0.9990348815917969,1
D:\Y4 FYP file\Dataset\FYP_Data_Final\Method2_Masked_CLAHE_Fair\test\Class C\8090.png,2,Class C,2,Class C,0.9969412684440613,1
D:\Y4 FYP file\Dataset\FYP_Data_Final\Method2_Masked_CLAHE_Fair\test\Class C\8102.png,2,Class C,2,Class C,0.9982653260231018,1
D:\Y4 FYP file\Dataset\FYP_Data_Final\Method2_Masked_CLAHE_Fair\test\Class C\8104.png,2,Class C,2,Class C,0.997665524482727,1
D:\Y4 FYP file\Dataset\FYP_Data_Final\Method2_Masked_CLAHE_Fair\test\Class C\8122.png,2,Class C,2,Class C,0.8985216617584229,1
D:\Y4 FYP file\Dataset\FYP_Data_Final\Method2_Masked_CLAHE_Fair\test\Class C\8135.png,2,Class C,2,Class C,0.9986147880554199,1
D:\Y4 FYP file\Dataset\FYP_Data_Final\Method2_Masked_CLAHE_Fair\test\Class C\8141.png,2,Class C,2,Class C,0.9899764657020569,1
D:\Y4 FYP file\Dataset\FYP_Data_Final\Method2_Masked_CLAHE_Fair\test\Class C\8142.png,2,Class C,2,Class C,0.9827117323875427,1
D:\Y4 FYP file\Dataset\FYP_Data_Final\Method2_Masked_CLAHE_Fair\test\Class C\8146.png,2,Class C,2,Class C,0.9997528195381165,1
D:\Y4 FYP file\Dataset\FYP_Data_Final\Method2_Masked_CLAHE_Fair\test\Class C\8149.png,2,Class C,1,Class B,0.8874261975288391,0
D:\Y4 FYP file\Dataset\FYP_Data_Final\Method2_Masked_CLAHE_Fair\test\Class C\8159.png,2,Class C,2,Class C,0.9999033212661743,1
D:\Y4 FYP file\Dataset\FYP_Data_Final\Method2_Masked_CLAHE_Fair\test\Class C\8189 (2).png,2,Class C,1,Class B,0.9675049185752869,0
D:\Y4 FYP file\Dataset\FYP_Data_Final\Method2_Masked_CLAHE_Fair\test\Class C\8189.png,2,Class C,2,Class C,0.8842599391937256,1
D:\Y4 FYP file\Dataset\FYP_Data_Final\Method2_Masked_CLAHE_Fair\test\Class C\8197.png,2,Class C,2,Class C,0.9997116923332214,1
D:\Y4 FYP file\Dataset\FYP_Data_Final\Method2_Masked_CLAHE_Fair\test\Class C\8200.png,2,Class C,3,Class D,0.9981745481491089,0
D:\Y4 FYP file\Dataset\FYP_Data_Final\Method2_Masked_CLAHE_Fair\test\Class C\8204.png,2,Class C,2,Class C,0.9999995231628418,1
D:\Y4 FYP file\Dataset\FYP_Data_Final\Method2_Masked_CLAHE_Fair\test\Class C\8205 (2).png,2,Class C,1,Class B,0.829063892364502,0
D:\Y4 FYP file\Dataset\FYP_Data_Final\Method2_Masked_CLAHE_Fair\test\Class C\8205.png,2,Class C,2,Class C,0.993644118309021,1
D:\Y4 FYP file\Dataset\FYP_Data_Final\Method2_Masked_CLAHE_Fair\test\Class C\9063.png,2,Class C,2,Class C,0.9999322891235352,1
D:\Y4 FYP file\Dataset\FYP_Data_Final\Method2_Masked_CLAHE_Fair\test\Class C\9065 (2).png,2,Class C,2,Class C,0.93159419298172,1
D:\Y4 FYP file\Dataset\FYP_Data_Final\Method2_Masked_CLAHE_Fair\test\Class C\9065.png,2,Class C,2,Class C,0.9960404634475708,1
D:\Y4 FYP file\Dataset\FYP_Data_Final\Method2_Masked_CLAHE_Fair\test\Class C\9066.png,2,Class C,3,Class D,0.9983516931533813,0
D:\Y4 FYP file\Dataset\FYP_Data_Final\Method2_Masked_CLAHE_Fair\test\Class C\9069.png,2,Class C,2,Class C,0.9416789412498474,1
D:\Y4 FYP file\Dataset\FYP_Data_Final\Method2_Masked_CLAHE_Fair\test\Class C\9094 (2).png,2,Class C,2,Class C,0.9987199306488037,1
D:\Y4 FYP file\Dataset\FYP_Data_Final\Method2_Masked_CLAHE_Fair\test\Class C\9094.png,2,Class C,2,Class C,0.9996011853218079,1
D:\Y4 FYP file\Dataset\FYP_Data_Final\Method2_Masked_CLAHE_Fair\test\Class C\9126.png,2,Class C,2,Class C,0.5985382199287415,1
D:\Y4 FYP file\Dataset\FYP_Data_Final\Method2_Masked_CLAHE_Fair\test\Class C\9131 (2).png,2,Class C,2,Class C,0.99399334192276,1
D:\Y4 FYP file\Dataset\FYP_Data_Final\Method2_Masked_CLAHE_Fair\test\Class C\9131.png,2,Class C,2,Class C,0.9364678263664246,1
D:\Y4 FYP file\Dataset\FYP_Data_Final\Method2_Masked_CLAHE_Fair\test\Class C\9154.png,2,Class C,2,Class C,0.8559255599975586,1
D:\Y4 FYP file\Dataset\FYP_Data_Final\Method2_Masked_CLAHE_Fair\test\Class C\9156 (2).png,2,Class C,2,Class C,0.9975652694702148,1
D:\Y4 FYP file\Dataset\FYP_Data_Final\Method2_Masked_CLAHE_Fair\test\Class C\9156.png,2,Class C,2,Class C,0.9893631339073181,1
D:\Y4 FYP file\Dataset\FYP_Data_Final\Method2_Masked_CLAHE_Fair\test\Class C\9160.png,2,Class C,2,Class C,0.8520980477333069,1
D:\Y4 FYP file\Dataset\FYP_Data_Final\Method2_Masked_CLAHE_Fair\test\Class D\102.png,3,Class D,3,Class D,0.9662132263183594,1
D:\Y4 FYP file\Dataset\FYP_Data_Final\Method2_Masked_CLAHE_Fair\test\Class D\104.png,3,Class D,3,Class D,0.9999971389770508,1
D:\Y4 FYP file\Dataset\FYP_Data_Final\Method2_Masked_CLAHE_Fair\test\Class D\105.png,3,Class D,3,Class D,0.9967983365058899,1
D:\Y4 FYP file\Dataset\FYP_Data_Final\Method2_Masked_CLAHE_Fair\test\Class D\107 (2).png,3,Class D,3,Class D,0.999100923538208,1
D:\Y4 FYP file\Dataset\FYP_Data_Final\Method2_Masked_CLAHE_Fair\test\Class D\14.png,3,Class D,3,Class D,0.9999035596847534,1
D:\Y4 FYP file\Dataset\FYP_Data_Final\Method2_Masked_CLAHE_Fair\test\Class D\15.png,3,Class D,3,Class D,0.9878103733062744,1
D:\Y4 FYP file\Dataset\FYP_Data_Final\Method2_Masked_CLAHE_Fair\test\Class D\16 (2).png,3,Class D,3,Class D,0.9999998807907104,1
D:\Y4 FYP file\Dataset\FYP_Data_Final\Method2_Masked_CLAHE_Fair\test\Class D\16.png,3,Class D,3,Class D,0.9999696016311646,1
D:\Y4 FYP file\Dataset\FYP_Data_Final\Method2_Masked_CLAHE_Fair\test\Class D\162.png,3,Class D,3,Class D,0.9993593096733093,1
D:\Y4 FYP file\Dataset\FYP_Data_Final\Method2_Masked_CLAHE_Fair\test\Class D\164.png,3,Class D,3,Class D,0.9999940395355225,1
D:\Y4 FYP file\Dataset\FYP_Data_Final\Method2_Masked_CLAHE_Fair\test\Class D\165.png,3,Class D,3,Class D,0.9999985694885254,1
D:\Y4 FYP file\Dataset\FYP_Data_Final\Method2_Masked_CLAHE_Fair\test\Class D\166.png,3,Class D,3,Class D,0.9999556541442871,1
D:\Y4 FYP file\Dataset\FYP_Data_Final\Method2_Masked_CLAHE_Fair\test\Class D\17 (2).png,3,Class D,3,Class D,0.9636702537536621,1
D:\Y4 FYP file\Dataset\FYP_Data_Final\Method2_Masked_CLAHE_Fair\test\Class D\184.png,3,Class D,3,Class D,0.9952913522720337,1
D:\Y4 FYP file\Dataset\FYP_Data_Final\Method2_Masked_CLAHE_Fair\test\Class D\185.png,3,Class D,3,Class D,0.9904419183731079,1
D:\Y4 FYP file\Dataset\FYP_Data_Final\Method2_Masked_CLAHE_Fair\test\Class D\186.png,3,Class D,3,Class D,0.9546242952346802,1
D:\Y4 FYP file\Dataset\FYP_Data_Final\Method2_Masked_CLAHE_Fair\test\Class D\215.png,3,Class D,3,Class D,0.9999958276748657,1
D:\Y4 FYP file\Dataset\FYP_Data_Final\Method2_Masked_CLAHE_Fair\test\Class D\216 (2).png,3,Class D,3,Class D,0.9999996423721313,1
D:\Y4 FYP file\Dataset\FYP_Data_Final\Method2_Masked_CLAHE_Fair\test\Class D\231.png,3,Class D,3,Class D,0.9999109506607056,1
D:\Y4 FYP file\Dataset\FYP_Data_Final\Method2_Masked_CLAHE_Fair\test\Class D\233.png,3,Class D,2,Class C,0.6712173819541931,0
D:\Y4 FYP file\Dataset\FYP_Data_Final\Method2_Masked_CLAHE_Fair\test\Class D\235.png,3,Class D,3,Class D,0.9999256134033203,1
D:\Y4 FYP file\Dataset\FYP_Data_Final\Method2_Masked_CLAHE_Fair\test\Class D\236.png,3,Class D,3,Class D,1.0,1
D:\Y4 FYP file\Dataset\FYP_Data_Final\Method2_Masked_CLAHE_Fair\test\Class D\237.png,3,Class D,3,Class D,1.0,1
D:\Y4 FYP file\Dataset\FYP_Data_Final\Method2_Masked_CLAHE_Fair\test\Class D\270.png,3,Class D,3,Class D,0.998842716217041,1
D:\Y4 FYP file\Dataset\FYP_Data_Final\Method2_Masked_CLAHE_Fair\test\Class D\271.png,3,Class D,3,Class D,0.9993922710418701,1
D:\Y4 FYP file\Dataset\FYP_Data_Final\Method2_Masked_CLAHE_Fair\test\Class D\273.png,3,Class D,3,Class D,0.9999970197677612,1
D:\Y4 FYP file\Dataset\FYP_Data_Final\Method2_Masked_CLAHE_Fair\test\Class D\275.png,3,Class D,3,Class D,0.9994446635246277,1
D:\Y4 FYP file\Dataset\FYP_Data_Final\Method2_Masked_CLAHE_Fair\test\Class D\277.png,3,Class D,3,Class D,0.9999833106994629,1
D:\Y4 FYP file\Dataset\FYP_Data_Final\Method2_Masked_CLAHE_Fair\test\Class D\278.png,3,Class D,3,Class D,1.0,1
D:\Y4 FYP file\Dataset\FYP_Data_Final\Method2_Masked_CLAHE_Fair\test\Class D\293.png,3,Class D,3,Class D,0.9999438524246216,1
D:\Y4 FYP file\Dataset\FYP_Data_Final\Method2_Masked_CLAHE_Fair\test\Class D\319.png,3,Class D,3,Class D,0.9993033409118652,1
D:\Y4 FYP file\Dataset\FYP_Data_Final\Method2_Masked_CLAHE_Fair\test\Class D\320.png,3,Class D,3,Class D,0.9999884366989136,1
D:\Y4 FYP file\Dataset\FYP_Data_Final\Method2_Masked_CLAHE_Fair\test\Class D\321.png,3,Class D,3,Class D,0.9998794794082642,1
D:\Y4 FYP file\Dataset\FYP_Data_Final\Method2_Masked_CLAHE_Fair\test\Class D\322 (2).png,3,Class D,3,Class D,0.9881293177604675,1
D:\Y4 FYP file\Dataset\FYP_Data_Final\Method2_Masked_CLAHE_Fair\test\Class D\33.png,3,Class D,3,Class D,1.0,1
D:\Y4 FYP file\Dataset\FYP_Data_Final\Method2_Masked_CLAHE_Fair\test\Class D\334.png,3,Class D,3,Class D,0.9999939203262329,1
D:\Y4 FYP file\Dataset\FYP_Data_Final\Method2_Masked_CLAHE_Fair\test\Class D\338.png,3,Class D,3,Class D,0.9999992847442627,1
D:\Y4 FYP file\Dataset\FYP_Data_Final\Method2_Masked_CLAHE_Fair\test\Class D\339.png,3,Class D,2,Class C,0.9421375393867493,0
D:\Y4 FYP file\Dataset\FYP_Data_Final\Method2_Masked_CLAHE_Fair\test\Class D\356.png,3,Class D,3,Class D,1.0,1
D:\Y4 FYP file\Dataset\FYP_Data_Final\Method2_Masked_CLAHE_Fair\test\Class D\369.png,3,Class D,3,Class D,0.9999992847442627,1
D:\Y4 FYP file\Dataset\FYP_Data_Final\Method2_Masked_CLAHE_Fair\test\Class D\370.png,3,Class D,3,Class D,0.9994364380836487,1
D:\Y4 FYP file\Dataset\FYP_Data_Final\Method2_Masked_CLAHE_Fair\test\Class D\372.png,3,Class D,3,Class D,0.9999995231628418,1
D:\Y4 FYP file\Dataset\FYP_Data_Final\Method2_Masked_CLAHE_Fair\test\Class D\374.png,3,Class D,3,Class D,0.9999872446060181,1
D:\Y4 FYP file\Dataset\FYP_Data_Final\Method2_Masked_CLAHE_Fair\test\Class D\375.png,3,Class D,2,Class C,0.9743558764457703,0
D:\Y4 FYP file\Dataset\FYP_Data_Final\Method2_Masked_CLAHE_Fair\test\Class D\376.png,3,Class D,3,Class D,0.9964475631713867,1
D:\Y4 FYP file\Dataset\FYP_Data_Final\Method2_Masked_CLAHE_Fair\test\Class D\413.png,3,Class D,3,Class D,0.9986889958381653,1
D:\Y4 FYP file\Dataset\FYP_Data_Final\Method2_Masked_CLAHE_Fair\test\Class D\414.png,3,Class D,3,Class D,0.999858021736145,1
D:\Y4 FYP file\Dataset\FYP_Data_Final\Method2_Masked_CLAHE_Fair\test\Class D\415.png,3,Class D,3,Class D,0.9996132254600525,1
D:\Y4 FYP file\Dataset\FYP_Data_Final\Method2_Masked_CLAHE_Fair\test\Class D\416.png,3,Class D,3,Class D,0.9999971389770508,1
D:\Y4 FYP file\Dataset\FYP_Data_Final\Method2_Masked_CLAHE_Fair\test\Class D\417.png,3,Class D,3,Class D,0.7647355198860168,1
D:\Y4 FYP file\Dataset\FYP_Data_Final\Method2_Masked_CLAHE_Fair\test\Class D\428.png,3,Class D,3,Class D,0.998566210269928,1
D:\Y4 FYP file\Dataset\FYP_Data_Final\Method2_Masked_CLAHE_Fair\test\Class D\431.png,3,Class D,3,Class D,0.9836317300796509,1
D:\Y4 FYP file\Dataset\FYP_Data_Final\Method2_Masked_CLAHE_Fair\test\Class D\456.png,3,Class D,3,Class D,0.9998846054077148,1
D:\Y4 FYP file\Dataset\FYP_Data_Final\Method2_Masked_CLAHE_Fair\test\Class D\458.png,3,Class D,3,Class D,0.9999992847442627,1
D:\Y4 FYP file\Dataset\FYP_Data_Final\Method2_Masked_CLAHE_Fair\test\Class D\460.png,3,Class D,3,Class D,0.9999998807907104,1
D:\Y4 FYP file\Dataset\FYP_Data_Final\Method2_Masked_CLAHE_Fair\test\Class D\478.png,3,Class D,3,Class D,0.999546468257904,1
D:\Y4 FYP file\Dataset\FYP_Data_Final\Method2_Masked_CLAHE_Fair\test\Class D\481.png,3,Class D,3,Class D,0.9978498220443726,1
D:\Y4 FYP file\Dataset\FYP_Data_Final\Method2_Masked_CLAHE_Fair\test\Class D\482.png,3,Class D,3,Class D,0.9998964071273804,1
D:\Y4 FYP file\Dataset\FYP_Data_Final\Method2_Masked_CLAHE_Fair\test\Class D\483.png,3,Class D,3,Class D,0.9999903440475464,1
D:\Y4 FYP file\Dataset\FYP_Data_Final\Method2_Masked_CLAHE_Fair\test\Class D\509.png,3,Class D,3,Class D,0.9999895095825195,1
D:\Y4 FYP file\Dataset\FYP_Data_Final\Method2_Masked_CLAHE_Fair\test\Class D\518.png,3,Class D,3,Class D,0.997593104839325,1
D:\Y4 FYP file\Dataset\FYP_Data_Final\Method2_Masked_CLAHE_Fair\test\Class D\519.png,3,Class D,3,Class D,0.9989151954650879,1
D:\Y4 FYP file\Dataset\FYP_Data_Final\Method2_Masked_CLAHE_Fair\test\Class D\520.png,3,Class D,3,Class D,0.8699181079864502,1
D:\Y4 FYP file\Dataset\FYP_Data_Final\Method2_Masked_CLAHE_Fair\test\Class D\522.png,3,Class D,2,Class C,0.5206040740013123,0
D:\Y4 FYP file\Dataset\FYP_Data_Final\Method2_Masked_CLAHE_Fair\test\Class D\523.png,3,Class D,3,Class D,1.0,1
D:\Y4 FYP file\Dataset\FYP_Data_Final\Method2_Masked_CLAHE_Fair\test\Class D\525.png,3,Class D,3,Class D,0.9999994039535522,1
D:\Y4 FYP file\Dataset\FYP_Data_Final\Method2_Masked_CLAHE_Fair\test\Class D\560.png,3,Class D,3,Class D,0.9999996423721313,1
D:\Y4 FYP file\Dataset\FYP_Data_Final\Method2_Masked_CLAHE_Fair\test\Class D\566.png,3,Class D,3,Class D,0.9999797344207764,1
D:\Y4 FYP file\Dataset\FYP_Data_Final\Method2_Masked_CLAHE_Fair\test\Class D\568.png,3,Class D,3,Class D,0.9999902248382568,1
D:\Y4 FYP file\Dataset\FYP_Data_Final\Method2_Masked_CLAHE_Fair\test\Class D\569.png,3,Class D,3,Class D,0.999921441078186,1
D:\Y4 FYP file\Dataset\FYP_Data_Final\Method2_Masked_CLAHE_Fair\test\Class D\570.png,3,Class D,3,Class D,0.998347282409668,1
D:\Y4 FYP file\Dataset\FYP_Data_Final\Method2_Masked_CLAHE_Fair\test\Class D\584.png,3,Class D,3,Class D,0.9999951124191284,1
D:\Y4 FYP file\Dataset\FYP_Data_Final\Method2_Masked_CLAHE_Fair\test\Class D\585.png,3,Class D,3,Class D,0.99998939037323,1
D:\Y4 FYP file\Dataset\FYP_Data_Final\Method2_Masked_CLAHE_Fair\test\Class D\8029.png,3,Class D,3,Class D,0.9555330276489258,1
D:\Y4 FYP file\Dataset\FYP_Data_Final\Method2_Masked_CLAHE_Fair\test\Class D\8033.png,3,Class D,3,Class D,0.9999966621398926,1
D:\Y4 FYP file\Dataset\FYP_Data_Final\Method2_Masked_CLAHE_Fair\test\Class D\8034 (2).png,3,Class D,1,Class B,0.9999555349349976,0
D:\Y4 FYP file\Dataset\FYP_Data_Final\Method2_Masked_CLAHE_Fair\test\Class D\8061.png,3,Class D,3,Class D,0.9999004602432251,1
D:\Y4 FYP file\Dataset\FYP_Data_Final\Method2_Masked_CLAHE_Fair\test\Class D\8063.png,3,Class D,2,Class C,0.9999995231628418,0
D:\Y4 FYP file\Dataset\FYP_Data_Final\Method2_Masked_CLAHE_Fair\test\Class D\8065 (2).png,3,Class D,1,Class B,0.9999765157699585,0
D:\Y4 FYP file\Dataset\FYP_Data_Final\Method2_Masked_CLAHE_Fair\test\Class D\8065.png,3,Class D,3,Class D,0.9997538924217224,1
D:\Y4 FYP file\Dataset\FYP_Data_Final\Method2_Masked_CLAHE_Fair\test\Class D\8151.png,3,Class D,3,Class D,0.9999927282333374,1
D:\Y4 FYP file\Dataset\FYP_Data_Final\Method2_Masked_CLAHE_Fair\test\Class D\8191.png,3,Class D,3,Class D,0.9999957084655762,1
D:\Y4 FYP file\Dataset\FYP_Data_Final\Method2_Masked_CLAHE_Fair\test\Class D\8199.png,3,Class D,3,Class D,0.9997579455375671,1
D:\Y4 FYP file\Dataset\FYP_Data_Final\Method2_Masked_CLAHE_Fair\test\Class D\8200.png,3,Class D,3,Class D,0.9999175071716309,1
D:\Y4 FYP file\Dataset\FYP_Data_Final\Method2_Masked_CLAHE_Fair\test\Class D\8201.png,3,Class D,3,Class D,0.9998775720596313,1
D:\Y4 FYP file\Dataset\FYP_Data_Final\Method2_Masked_CLAHE_Fair\test\Class D\83.png,3,Class D,3,Class D,0.9999969005584717,1
D:\Y4 FYP file\Dataset\FYP_Data_Final\Method2_Masked_CLAHE_Fair\test\Class D\87.png,3,Class D,3,Class D,0.9741731882095337,1
D:\Y4 FYP file\Dataset\FYP_Data_Final\Method2_Masked_CLAHE_Fair\test\Class D\9000 (2).png,3,Class D,3,Class D,0.9999006986618042,1
D:\Y4 FYP file\Dataset\FYP_Data_Final\Method2_Masked_CLAHE_Fair\test\Class D\9000.png,3,Class D,3,Class D,0.9999903440475464,1
D:\Y4 FYP file\Dataset\FYP_Data_Final\Method2_Masked_CLAHE_Fair\test\Class D\9019.png,3,Class D,3,Class D,0.9923905730247498,1
D:\Y4 FYP file\Dataset\FYP_Data_Final\Method2_Masked_CLAHE_Fair\test\Class D\9020.png,3,Class D,3,Class D,0.9999957084655762,1
D:\Y4 FYP file\Dataset\FYP_Data_Final\Method2_Masked_CLAHE_Fair\test\Class D\9021 (2).png,3,Class D,3,Class D,0.9996163845062256,1
D:\Y4 FYP file\Dataset\FYP_Data_Final\Method2_Masked_CLAHE_Fair\test\Class D\9021.png,3,Class D,3,Class D,0.9999852180480957,1
D:\Y4 FYP file\Dataset\FYP_Data_Final\Method2_Masked_CLAHE_Fair\test\Class D\9022.png,3,Class D,3,Class D,0.9977815747261047,1
D:\Y4 FYP file\Dataset\FYP_Data_Final\Method2_Masked_CLAHE_Fair\test\Class D\9028.png,3,Class D,3,Class D,0.9999991655349731,1
D:\Y4 FYP file\Dataset\FYP_Data_Final\Method2_Masked_CLAHE_Fair\test\Class D\9029.png,3,Class D,3,Class D,0.9999107122421265,1
D:\Y4 FYP file\Dataset\FYP_Data_Final\Method2_Masked_CLAHE_Fair\test\Class D\9043.png,3,Class D,3,Class D,0.9991636276245117,1
D:\Y4 FYP file\Dataset\FYP_Data_Final\Method2_Masked_CLAHE_Fair\test\Class D\9044.png,3,Class D,3,Class D,0.9999387264251709,1
D:\Y4 FYP file\Dataset\FYP_Data_Final\Method2_Masked_CLAHE_Fair\test\Class D\9045.png,3,Class D,3,Class D,0.9997727274894714,1
D:\Y4 FYP file\Dataset\FYP_Data_Final\Method2_Masked_CLAHE_Fair\test\Class D\9051.png,3,Class D,3,Class D,0.743413507938385,1
D:\Y4 FYP file\Dataset\FYP_Data_Final\Method2_Masked_CLAHE_Fair\test\Class D\9052.png,3,Class D,1,Class B,0.8843833804130554,0
D:\Y4 FYP file\Dataset\FYP_Data_Final\Method2_Masked_CLAHE_Fair\test\Class D\9053.png,3,Class D,3,Class D,0.9999786615371704,1
D:\Y4 FYP file\Dataset\FYP_Data_Final\Method2_Masked_CLAHE_Fair\test\Class D\9054.png,3,Class D,3,Class D,0.9939258694648743,1
D:\Y4 FYP file\Dataset\FYP_Data_Final\Method2_Masked_CLAHE_Fair\test\Class D\9068 (2).png,3,Class D,3,Class D,0.9999986886978149,1
D:\Y4 FYP file\Dataset\FYP_Data_Final\Method2_Masked_CLAHE_Fair\test\Class D\9076.png,3,Class D,3,Class D,0.9997789263725281,1
D:\Y4 FYP file\Dataset\FYP_Data_Final\Method2_Masked_CLAHE_Fair\test\Class D\9077 (2).png,3,Class D,3,Class D,0.9999607801437378,1
D:\Y4 FYP file\Dataset\FYP_Data_Final\Method2_Masked_CLAHE_Fair\test\Class D\9077.png,3,Class D,3,Class D,0.999735414981842,1
D:\Y4 FYP file\Dataset\FYP_Data_Final\Method2_Masked_CLAHE_Fair\test\Class D\9078.png,3,Class D,3,Class D,0.9998821020126343,1
D:\Y4 FYP file\Dataset\FYP_Data_Final\Method2_Masked_CLAHE_Fair\test\Class D\9079 (2).png,3,Class D,3,Class D,0.8350435495376587,1
D:\Y4 FYP file\Dataset\FYP_Data_Final\Method2_Masked_CLAHE_Fair\test\Class D\9079.png,3,Class D,3,Class D,0.9999998807907104,1
D:\Y4 FYP file\Dataset\FYP_Data_Final\Method2_Masked_CLAHE_Fair\test\Class D\9102.png,3,Class D,3,Class D,0.9127305746078491,1
D:\Y4 FYP file\Dataset\FYP_Data_Final\Method2_Masked_CLAHE_Fair\test\Class D\9103.png,3,Class D,3,Class D,0.9998471736907959,1
D:\Y4 FYP file\Dataset\FYP_Data_Final\Method2_Masked_CLAHE_Fair\test\Class D\9104.png,3,Class D,3,Class D,0.9985066056251526,1
D:\Y4 FYP file\Dataset\FYP_Data_Final\Method2_Masked_CLAHE_Fair\test\Class D\9105.png,3,Class D,3,Class D,1.0,1
D:\Y4 FYP file\Dataset\FYP_Data_Final\Method2_Masked_CLAHE_Fair\test\Class D\9106 (2).png,3,Class D,3,Class D,0.9621590971946716,1
D:\Y4 FYP file\Dataset\FYP_Data_Final\Method2_Masked_CLAHE_Fair\test\Class D\9113.png,3,Class D,3,Class D,0.9999939203262329,1
D:\Y4 FYP file\Dataset\FYP_Data_Final\Method2_Masked_CLAHE_Fair\test\Class D\9114.png,3,Class D,3,Class D,0.999876856803894,1
D:\Y4 FYP file\Dataset\FYP_Data_Final\Method2_Masked_CLAHE_Fair\test\Class D\9124.png,3,Class D,3,Class D,0.9999971389770508,1
D:\Y4 FYP file\Dataset\FYP_Data_Final\Method2_Masked_CLAHE_Fair\test\Class D\9127 (2).png,3,Class D,3,Class D,0.9998747110366821,1
D:\Y4 FYP file\Dataset\FYP_Data_Final\Method2_Masked_CLAHE_Fair\test\Class D\9127.png,3,Class D,3,Class D,0.999900221824646,1
D:\Y4 FYP file\Dataset\FYP_Data_Final\Method2_Masked_CLAHE_Fair\test\Class D\9134.png,3,Class D,3,Class D,0.9999970197677612,1
D:\Y4 FYP file\Dataset\FYP_Data_Final\Method2_Masked_CLAHE_Fair\test\Class D\9135 (2).png,3,Class D,3,Class D,0.9999845027923584,1
D:\Y4 FYP file\Dataset\FYP_Data_Final\Method2_Masked_CLAHE_Fair\test\Class D\9135.png,3,Class D,3,Class D,0.9999879598617554,1
D:\Y4 FYP file\Dataset\FYP_Data_Final\Method2_Masked_CLAHE_Fair\test\Class D\9136.png,3,Class D,3,Class D,0.9924300312995911,1
D:\Y4 FYP file\Dataset\FYP_Data_Final\Method2_Masked_CLAHE_Fair\test\Class D\9147.png,3,Class D,2,Class C,0.7020909786224365,0
D:\Y4 FYP file\Dataset\FYP_Data_Final\Method2_Masked_CLAHE_Fair\test\Class D\9155 (2).png,3,Class D,3,Class D,0.9999309778213501,1
D:\Y4 FYP file\Dataset\FYP_Data_Final\Method2_Masked_CLAHE_Fair\test\Class D\9155.png,3,Class D,3,Class D,0.9999983310699463,1
D:\Y4 FYP file\Dataset\FYP_Data_Final\Method2_Masked_CLAHE_Fair\test\Class D\9157 (2).png,3,Class D,1,Class B,0.9740589261054993,0
D:\Y4 FYP file\Dataset\FYP_Data_Final\Method2_Masked_CLAHE_Fair\test\Class D\9157.png,3,Class D,3,Class D,0.9999994039535522,1
D:\Y4 FYP file\Dataset\FYP_Data_Final\Method2_Masked_CLAHE_Fair\test\Class D\9158 (2).png,3,Class D,3,Class D,0.9997512698173523,1
D:\Y4 FYP file\Dataset\FYP_Data_Final\Method2_Masked_CLAHE_Fair\test\Class D\9158.png,3,Class D,3,Class D,0.9999270439147949,1
D:\Y4 FYP file\Dataset\FYP_Data_Final\Method2_Masked_CLAHE_Fair\test\Class D\9177.png,3,Class D,3,Class D,0.999861478805542,1
D:\Y4 FYP file\Dataset\FYP_Data_Final\Method2_Masked_CLAHE_Fair\test\Class D\9178 (2).png,3,Class D,3,Class D,0.9992011189460754,1
D:\Y4 FYP file\Dataset\FYP_Data_Final\Method2_Masked_CLAHE_Fair\test\Class D\9178.png,3,Class D,2,Class C,0.8613327741622925,0
D:\Y4 FYP file\Dataset\FYP_Data_Final\Method2_Masked_CLAHE_Fair\test\Class D\9179.png,3,Class D,3,Class D,0.9997105002403259,1
D:\Y4 FYP file\Dataset\FYP_Data_Final\Method2_Masked_CLAHE_Fair\test\Class D\9180.png,3,Class D,2,Class C,0.9956380724906921,0
D:\Y4 FYP file\Dataset\FYP_Data_Final\Method2_Masked_CLAHE_Fair\test\Class D\9187.png,3,Class D,3,Class D,0.9999940395355225,1
D:\Y4 FYP file\Dataset\FYP_Data_Final\Method2_Masked_CLAHE_Fair\test\Class D\9188.png,3,Class D,3,Class D,0.9999769926071167,1
