precision,recall
0.25,1.0
0.25008944543828265,1.0
0.25017895490336434,1.0
0.2502685284640172,1.0
0.2503581661891118,1.0
0.2504478681476173,1.0
0.25053763440860216,1.0
0.2506274650412334,1.0
0.25071736011477763,1.0
0.25080731969860065,1.0
0.250897343862168,1.0
0.25098743267504486,1.0
0.2510775862068966,1.0
0.2511678045274883,1.0
0.25125808770668584,1.0
0.2513484358144552,1.0
0.2514388489208633,1.0
0.2515293270960777,1.0
0.25161987041036715,1.0
0.25180115273775217,1.0
0.2518918918918919,1.0
0.2519826964671954,1.0
0.25207356653443924,1.0
0.25216450216450215,1.0
0.2522555034283652,1.0
0.2523465703971119,1.0
0.2524377031419285,1.0
0.252528901734104,1.0
0.2526201662450307,1.0
0.2527114967462039,1.0
0.2528028933092224,1.0
0.2528943560057887,1.0
0.252985884907709,1.0
0.25307748008689357,1.0
0.25316914161535675,1.0
0.2532608695652174,1.0
0.2533526640086988,1.0
0.2534445250181291,1.0
0.2535364526659412,1.0
0.25362844702467346,1.0
0.25372050816696917,1.0
0.25381263616557737,1.0
0.2539048310933527,1.0
0.2539970930232558,1.0
0.25408942202835333,1.0
0.2541818181818182,1.0
0.25427428155692977,1.0
0.25436681222707425,1.0
0.2544594102657444,1.0
0.25455207574654043,1.0
0.2546448087431694,1.0
0.25473760932944606,1.0
0.2548304775792927,1.0
0.2549234135667396,1.0
0.25501641736592484,1.0
0.2551094890510949,1.0
0.2552026286966046,1.0
0.25529583637691744,1.0
0.25538911216660576,1.0
0.25548245614035087,1.0
0.2555758683729433,1.0
0.2556693489392831,1.0
0.2557628979143798,1.0
0.25585651537335286,1.0
0.2559502013914317,1.0
0.256043956043956,1.0
0.25613777940637594,1.0
0.2562316715542522,1.0
0.2563256325632563,1.0
0.2564196625091709,1.0
0.2565137614678899,1.0
0.2566079295154185,1.0
0.25670216672787366,1.0
0.2567964731814842,1.0
0.25689084895259096,1.0
0.25698529411764703,1.0
0.2570798087532181,1.0
0.2571743929359823,1.0
0.25726904674273093,1.0
0.25736377025036816,1.0
0.2574585635359116,1.0
0.2575534266764923,1.0
0.25764835974935496,1.0
0.2577433628318584,1.0
0.2578384360014755,1.0
0.25793357933579336,1.0
0.25802879291251385,1.0
0.2581240768094535,1.0
0.25821943110454376,1.0
0.2583148558758315,1.0
0.25841035120147876,1.0
0.2585059171597633,1.0
0.2586015538290788,1.0
0.25869726128793485,1.0
0.2587930396149574,1.0
0.2588888888888889,1.0
0.25898480918858835,1.0
0.2590808005930319,1.0
0.25917686318131256,1.0
0.25927299703264095,1.0
0.2593692022263451,1.0
0.2594654788418708,1.0
0.25956182695878205,1.0
0.2596582466567608,1.0
0.25975473801560756,1.0
0.25985130111524163,1.0
0.259947936035701,1.0
0.26004464285714285,1.0
0.2601414216598437,1.0
0.26023827252419957,1.0
0.26033519553072626,1.0
0.26043219076005963,1.0
0.26052925829295565,1.0
0.2606263982102908,1.0
0.2607236105930623,1.0
0.2608208955223881,1.0
0.2609182530795073,1.0
0.26101568334578046,1.0
0.2611131864026896,1.0
0.26121076233183854,1.0
0.2613084112149533,1.0
0.26140613313388184,1.0
0.2615039281705948,1.0
0.2616017964071856,1.0
0.2616997379258705,1.0
0.26179775280898876,1.0
0.2618958411390034,1.0
0.26199400299850073,1.0
0.26209223847019125,1.0
0.26219054763690924,1.0
0.2622889305816135,1.0
0.26238738738738737,1.0
0.262485918137439,1.0
0.2625845229151014,1.0
0.26268320180383314,1.0
0.26278195488721806,1.0
0.26288078224896577,1.0
0.26297968397291194,1.0
0.26307866014301845,1.0
0.2631777108433735,1.0
0.2632768361581921,1.0
0.26337603617181615,1.0
0.2634753109687147,1.0
0.26357466063348417,1.0
0.26367408525084873,1.0
0.2637735849056604,1.0
0.2638731596828992,1.0
0.2639728096676737,1.0
0.264072534945221,1.0
0.264172335600907,1.0
0.26427221172022686,1.0
0.2643721633888048,1.0
0.264472190692395,1.0
0.2645722937168811,1.0
0.2646724725482772,1.0
0.26477272727272727,1.0
0.26487305797650623,1.0
0.26497346474601974,1.0
0.26507394766780434,1.0
0.26517450682852806,1.0
0.2652751423149905,1.0
0.265375854214123,1.0
0.265476642612989,1.0
0.2655775075987842,1.0
0.26567844925883694,1.0
0.26577946768060834,1.0
0.26588056295169266,1.0
0.2659817351598174,1.0
0.26608298439284356,1.0
0.2661843107387662,1.0
0.2662857142857143,1.0
0.2663871951219512,1.0
0.26648875333587496,1.0
0.2665903890160183,1.0
0.2666921022510492,1.0
0.266793893129771,1.0
0.26689576174112256,1.0
0.2669977081741788,1.0
0.26709973251815056,1.0
0.2672018348623853,1.0
0.2673040152963671,1.0
0.2674062739097169,1.0
0.2675086107921929,1.0
0.26761102603369064,1.0
0.26771351972424356,1.0
0.267816091954023,1.0
0.26791874281333844,1.0
0.268021472392638,1.0
0.2681242807825086,1.0
0.26822716807367614,1.0
0.26833013435700576,1.0
0.2684331797235023,1.0
0.2685363042643104,1.0
0.26863950807071485,1.0
0.2687427912341407,1.0
0.26884615384615385,1.0
0.26894959599846097,1.0
0.2690531177829099,1.0
0.26915671929149015,1.0
0.26926040061633283,1.0
0.26936416184971096,1.0
0.2694680030840401,1.0
0.26957192441187816,1.0
0.26967592592592593,1.0
0.2697800077190274,1.0
0.2698841698841699,1.0
0.26998841251448435,1.0
0.27009273570324577,1.0
0.2701971395438732,1.0
0.2703016241299304,1.0
0.27040618955512574,1.0
0.2705108359133127,1.0
0.2706155632984901,1.0
0.27072037180480246,1.0
0.2708252615265401,1.0
0.2709302325581395,1.0
0.2710352849941838,1.0
0.27114041892940266,1.0
0.2712456344586729,1.0
0.2713509316770186,1.0
0.2714563106796116,1.0
0.2715617715617716,1.0
0.2716673144189662,1.0
0.2717729393468118,1.0
0.2718786464410735,1.0
0.27198443579766535,1.0
0.27209030751265084,1.0
0.272196261682243,1.0
0.27230229840280484,1.0
0.27240841777084956,1.0
0.27251461988304093,1.0
0.27262090483619345,1.0
0.2727272727272727,1.0
0.2728337236533958,1.0
0.27294025771183134,1.0
0.273046875,1.0
0.2731535756154748,1.0
0.2732603596559812,1.0
0.2733672272193977,1.0
0.2734741784037559,1.0
0.2735812133072407,1.0
0.2736883320281911,1.0
0.27379553466509987,1.0
0.2739028213166144,1.0
0.27401019208153665,1.0
0.2741176470588235,1.0
0.2742251863475873,1.0
0.27433281004709575,1.0
0.2744405182567727,1.0
0.274548311076198,1.0
0.27465618860510804,1.0
0.27476415094339623,1.0
0.27487219819111286,1.0
0.27498033044846576,1.0
0.27508854781582054,1.0
0.2751968503937008,1.0
0.2753052382827885,1.0
0.27541371158392436,1.0
0.275522270398108,1.0
0.27563091482649843,1.0
0.2757396449704142,1.0
0.27584846093133386,1.0
0.27595736281089617,1.0
0.27606635071090047,1.0
0.276175424733307,1.0
0.27628458498023717,1.0
0.2763938315539739,1.0
0.276503164556962,1.0
0.27661258409180844,1.0
0.27672209026128264,1.0
0.27683168316831686,1.0
0.27694136291600635,1.0
0.27705112960760997,1.0
0.27716098334655037,1.0
0.27727092423641414,1.0
0.2773809523809524,1.0
0.277491067884081,1.0
0.27760127084988084,1.0
0.27771156138259834,1.0
0.27782193958664547,1.0
0.27793240556660037,1.0
0.27804295942720764,1.0
0.27815360127337846,1.0
0.27826433121019106,1.0
0.27837514934289126,1.0
0.27848605577689245,1.0
0.278597050617776,1.0
0.27870813397129185,1.0
0.2788193059433586,1.0
0.2789305666400638,1.0
0.27904191616766466,1.0
0.27915335463258784,1.0
0.2792648821414303,1.0
0.27948820471811275,1.0
0.2796,1.0
0.2797118847539016,1.0
0.2798238590872698,1.0
0.2799359231077293,1.0
0.2800480769230769,1.0
0.28016032064128255,1.0
0.28027265437048915,1.0
0.28038507821901326,1.0
0.2804975922953451,1.0
0.28061019670814935,1.0
0.28072289156626506,1.0
0.2808356769787063,1.0
0.2809485530546624,1.0
0.2810615199034982,1.0
0.2811745776347546,1.0
0.2812877263581489,1.0
0.28140096618357485,1.0
0.2815142972211035,1.0
0.2816277195809831,1.0
0.28174123337363965,1.0
0.2818548387096774,1.0
0.281968535699879,1.0
0.2820823244552058,1.0
0.28219620508679855,1.0
0.2823101777059774,1.0
0.2824242424242424,1.0
0.2825383993532741,1.0
0.2826526486049333,1.0
0.2827669902912621,1.0
0.282881424524484,1.0
0.28299595141700407,1.0
0.28311057108140947,1.0
0.28322528363047,1.0
0.2833400891771382,1.0
0.28345498783454987,1.0
0.2835699797160243,1.0
0.28368506493506496,1.0
0.2838002436053593,1.0
0.28391551584077984,1.0
0.284030881755384,1.0
0.2841463414634146,1.0
0.28426189507930055,1.0
0.28437754271765664,1.0
0.2844932844932845,1.0
0.28460912052117265,1.0
0.28472505091649697,1.0
0.28484107579462103,1.0
0.28495719527109664,1.0
0.28507340946166393,1.0
0.28518971848225216,1.0
0.28530612244897957,1.0
0.28542262147815434,1.0
0.2855392156862745,1.0
0.2856559051900286,1.0
0.28577269010629597,1.0
0.28588957055214725,1.0
0.28600654664484454,1.0
0.286123618501842,1.0
0.28624078624078625,1.0
0.2863580499795166,1.0
0.28647540983606556,1.0
0.2865928659286593,1.0
0.2867104183757178,1.0
0.2868280672958556,1.0
0.2869458128078818,1.0
0.28706365503080084,1.0
0.28718159408381266,1.0
0.2872996300863132,1.0
0.28741776315789475,1.0
0.28753599341834635,1.0
0.2876543209876543,1.0
0.28777274598600244,1.0
0.28789126853377267,1.0
0.2880098887515451,1.0
0.28812860676009894,1.0
0.28824742268041237,1.0
0.28836633663366334,1.0
0.2884853487412299,1.0
0.28860445912469035,1.0
0.28872366790582404,1.0
0.28884297520661156,1.0
0.2889623811492352,1.0
0.2890818858560794,1.0
0.28920148944973106,1.0
0.2893211920529801,1.0
0.2894409937888199,1.0
0.2895608947804474,1.0
0.289680895151264,1.0
0.2898009950248756,1.0
0.2899211945250933,1.0
0.29004149377593363,1.0
0.2901618929016189,1.0
0.2902823920265781,1.0
0.2904029912754466,1.0
0.29052369077306733,1.0
0.29064449064449066,1.0
0.29076539101497506,1.0
0.2908863920099875,1.0
0.291007493755204,1.0
0.2911286963765098,1.0
0.29125,1.0
0.29137140475198,1.0
0.29149291075896583,1.0
0.29161451814768463,1.0
0.2917362270450751,1.0
0.2918580375782881,1.0
0.29197994987468673,1.0
0.2921019640618471,1.0
0.29222408026755853,1.0
0.29234629861982436,1.0
0.2924686192468619,1.0
0.29259104227710336,1.0
0.292713567839196,1.0
0.2928361960620025,1.0
0.29295892707460186,1.0
0.2930817610062893,1.0
0.29320469798657717,1.0
0.29332773814519514,1.0
0.29345088161209065,1.0
0.29357412851742964,1.0
0.29369747899159665,1.0
0.2938209331651955,1.0
0.29394449116904964,1.0
0.29406815313420276,1.0
0.29419191919191917,1.0
0.2943157894736842,1.0
0.2944397641112047,1.0
0.2945638432364096,1.0
0.29468802698145025,1.0
0.29481231547870096,1.0
0.2949367088607595,1.0
0.29506120726044743,1.0
0.2951858108108108,1.0
0.2953105196451204,1.0
0.2954353338968724,1.0
0.2955602536997886,1.0
0.2956852791878173,1.0
0.2958104104951333,1.0
0.29593564775613884,1.0
0.2960609911054638,1.0
0.2961864406779661,1.0
0.29631199660873253,1.0
0.2964376590330789,1.0
0.2965634280865507,1.0
0.2966893039049236,1.0
0.2968152866242038,1.0
0.29694137638062873,1.0
0.29706757331066724,1.0
0.2971938775510204,1.0
0.29732028923862186,1.0
0.2974468085106383,1.0
0.29757343550446996,1.0
0.29770017035775126,1.0
0.2978270132083511,1.0
0.2979539641943734,1.0
0.29808102345415777,1.0
0.2982081911262799,1.0
0.29833546734955185,1.0
0.29846285226302305,1.0
0.29859034600598033,1.0
0.2987179487179487,1.0
0.29884566053869177,1.0
0.29897348160821213,1.0
0.2991014120667522,1.0
0.2992294520547945,1.0
0.2993576017130621,1.0
0.2994858611825193,1.0
0.29961423060437203,1.0
0.2997427101200686,1.0
0.29987129987129985,1.0
0.3,1.0
0.30012881064834696,1.0
0.3002577319587629,1.0
0.3003867640739149,1.0
0.3005159071367154,1.0
0.3006451612903226,1.0
0.30077452667814114,1.0
0.3009040034438226,1.0
0.30103359173126615,1.0
0.3011632916846187,1.0
0.30129310344827587,1.0
0.3014230271668823,1.0
0.3015530629853322,1.0
0.30168321104876994,1.0
0.3018134715025907,1.0
0.3019438444924406,1.0
0.3020743301642178,1.0
0.3022049286640726,1.0
0.3023356401384083,1.0
0.30246646473388145,1.0
0.3025974025974026,1.0
0.30272845387613684,1.0
0.30285961871750433,1.0
0.30299089726918077,1.0
0.303122289679098,1.0
0.30325379609544467,1.0
0.3033854166666667,1.0
0.30351715154146763,1.0
0.30364900086880975,1.0
0.30378096479791394,1.0
0.30391304347826087,1.0
0.30404523705959113,1.0
0.304177545691906,1.0
0.304309969525468,1.0
0.3044425087108014,1.0
0.3045751633986928,1.0
0.3047079337401918,1.0
0.30484081988661144,1.0
0.30497382198952877,1.0
0.30510694020078566,1.0
0.3052401746724891,1.0
0.3053735255570118,1.0
0.305506993006993,1.0
0.3056405771753389,1.0
0.30577427821522307,1.0
0.3059080962800875,1.0
0.30604203152364273,1.0
0.3061760840998686,1.0
0.3063102541630149,1.0
0.30644454186760195,1.0
0.30657894736842106,1.0
0.30671347082053535,1.0
0.30684811237928006,1.0
0.3069828722002635,1.0
0.3071177504393673,1.0
0.30725274725274726,1.0
0.3073878627968338,1.0
0.3075230972283326,1.0
0.3076584507042254,1.0
0.30779392338177014,1.0
0.3079295154185022,1.0
0.3080652269722345,1.0
0.3082010582010582,1.0
0.3083370092633436,1.0
0.3084730803177405,1.0
0.3086092715231788,1.0
0.30874558303886923,1.0
0.308882015024304,1.0
0.3090185676392573,1.0
0.30915524104378594,1.0
0.3092920353982301,1.0
0.3094289508632138,1.0
0.3095659875996457,1.0
0.30970314576871955,1.0
0.3098404255319149,1.0
0.3099778270509978,1.0
0.3101153504880213,1.0
0.31025299600532624,1.0
0.31039076376554176,1.0
0.31052865393158596,1.0
0.31066666666666665,1.0
0.3108048021342819,1.0
0.3109430604982206,1.0
0.31108144192256343,1.0
0.311219946571683,1.0
0.31135857461024496,1.0
0.3114973262032086,1.0
0.311636201515827,1.0
0.3117752007136485,1.0
0.3119143239625167,1.0
0.31205357142857143,1.0
0.3121929432782492,1.0
0.31233243967828417,1.0
0.31247206079570855,1.0
0.31261180679785333,1.0
0.312751677852349,1.0
0.3128916741271262,1.0
0.31303179579041646,1.0
0.3131720430107527,1.0
0.31331241595696996,1.0
0.3134529147982063,1.0
0.3135935397039031,1.0
0.3137342908438061,1.0
0.31387516838796586,1.0
0.3140161725067385,1.0
0.3141573033707865,1.0
0.3142985611510791,1.0
0.3144399460188934,1.0
0.31458145814581456,1.0
0.3147230977037371,1.0
0.31486486486486487,1.0
0.3150067598017125,1.0
0.3151487826871055,1.0
0.3152909336941813,1.0
0.3154332129963899,1.0
0.31557562076749435,1.0
0.3157181571815718,1.0
0.315860822413014,1.0
0.31600361663652804,1.0
0.31614654002713705,1.0
0.316289592760181,1.0
0.31643277501131734,1.0
0.31657608695652173,1.0
0.3167195287720888,1.0
0.3168631006346328,1.0
0.31700680272108844,1.0
0.31715063520871145,1.0
0.31729459827507944,1.0
0.31743869209809267,1.0
0.31758291685597456,1.0
0.31772727272727275,1.0
0.3178717598908595,1.0
0.3180163785259327,1.0
0.31816112881201636,1.0
0.31830601092896177,1.0
0.3184510250569476,1.0
0.31859617137648133,1.0
0.31874145006839943,1.0
0.3188868613138686,1.0
0.31903240529438615,1.0
0.31917808219178084,1.0
0.3193238921882138,1.0
0.3194698354661792,1.0
0.3196159122085048,1.0
0.3197621225983532,1.0
0.31990846681922197,1.0
0.32005494505494503,1.0
0.3202015574896931,1.0
0.32034830430797434,1.0
0.3204951856946355,1.0
0.32064220183486236,1.0
0.3207893529141808,1.0
0.3209366391184573,1.0
0.3210840606338999,1.0
0.3212316176470588,1.0
0.3213793103448276,1.0
0.3215271389144434,1.0
0.32167510354348827,1.0
0.3218232044198895,1.0
0.32197144173192077,1.0
0.32211981566820275,1.0
0.32226832641770403,1.0
0.3224169741697417,1.0
0.32256575911398244,1.0
0.32271468144044324,1.0
0.3228637413394919,1.0
0.3230129390018484,1.0
0.3231622746185853,1.0
0.3233117483811286,1.0
0.3234613604812587,1.0
0.3236111111111111,1.0
0.3237610004631774,1.0
0.32391102873030586,1.0
0.3240611961057024,1.0
0.32421150278293137,1.0
0.32436194895591647,1.0
0.3245125348189415,1.0
0.3246632605666512,1.0
0.32481412639405205,1.0
0.32496513249651326,1.0
0.3251162790697674,1.0
0.3252675663099116,1.0
0.3254189944134078,1.0
0.3255705635770843,1.0
0.3257222739981361,1.0
0.3258741258741259,1.0
0.3260261194029851,1.0
0.3261782547830145,1.0
0.32633053221288516,1.0
0.3264829518916394,1.0
0.32663551401869156,1.0
0.3267882187938289,1.0
0.3269410664172123,1.0
0.3270940570893776,1.0
0.32724719101123595,1.0
0.32740046838407494,1.0
0.32755388940955954,1.0
0.32770745428973275,1.0
0.32786116322701686,1.0
0.328015016424214,1.0
0.32816901408450705,1.0
0.32832315641146076,1.0
0.32847744360902253,1.0
0.32863187588152326,1.0
0.3287864534336783,1.0
0.32894117647058824,1.0
0.3290960451977401,1.0
0.329251059821008,1.0
0.3294062205466541,1.0
0.32956152758132956,1.0
0.3297169811320755,1.0
0.32987258140632375,1.0
0.330028328611898,1.0
0.33018422295701466,1.0
0.33034026465028354,1.0
0.3304964539007092,1.0
0.33065279091769156,1.0
0.330809275911027,1.0
0.3309659090909091,1.0
0.3311226906679299,1.0
0.33127962085308055,1.0
0.3314366998577525,1.0
0.33159392789373815,1.0
0.3317513051732321,1.0
0.3319088319088319,1.0
0.3320665083135392,1.0
0.33222433460076045,1.0
0.33238231098430815,1.0
0.3325404376784015,1.0
0.3326987148976678,1.0
0.33285714285714285,1.0
0.3330157217722725,1.0
0.33317445185891326,1.0
0.3333333333333333,1.0
0.33349236641221375,1.0
0.3336515513126492,1.0
0.333810888252149,1.0
0.33397037744863833,1.0
0.33413001912045887,1.0
0.33428981348637016,1.0
0.3344497607655502,1.0
0.33460986117759695,1.0
0.33477011494252873,1.0
0.3349305222807858,1.0
0.3350910834132311,1.0
0.33525179856115106,1.0
0.3354126679462572,1.0
0.3355736917906865,1.0
0.3357348703170029,1.0
0.335896203748198,1.0
0.33605769230769234,1.0
0.3362193362193362,1.0
0.33638113570741096,1.0
0.33654309099662977,1.0
0.33670520231213874,1.0
0.3368674698795181,1.0
0.33702989392478305,1.0
0.33719247467438496,1.0
0.3373552123552124,1.0
0.33751810719459197,1.0
0.33768115942028987,1.0
0.3378443692605123,1.0
0.3380077369439072,1.0
0.3381712626995646,1.0
0.3383349467570184,1.0
0.338498789346247,1.0
0.3386627906976744,1.0
0.3388269510421716,1.0
0.3389912706110572,1.0
0.33915574963609896,1.0
0.33932038834951456,1.0
0.3394851869839728,1.0
0.3396501457725947,1.0
0.3398152649489548,1.0
0.3399805447470817,1.0
0.34014598540145985,1.0
0.3403115871470302,1.0
0.34047735021919145,1.0
0.3406432748538012,1.0
0.340809361287177,1.0
0.3409756097560976,1.0
0.3411420204978038,1.0
0.34130859375,1.0
0.34147532975085493,1.0
0.3416422287390029,1.0
0.34180929095354523,1.0
0.3419765166340509,1.0
0.342143906020558,1.0
0.34231145935357493,1.0
0.34247917687408136,1.0
0.3426470588235294,1.0
0.342815105443845,1.0
0.34298331697742884,1.0
0.3431516936671576,1.0
0.3433202357563851,1.0
0.3434889434889435,1.0
0.34365781710914456,1.0
0.3438268568617806,1.0
0.343996062992126,1.0
0.34416543574593794,1.0
0.3443349753694581,1.0
0.3445046821094135,1.0
0.34467455621301774,1.0
0.3448445979279724,1.0
0.34501480750246794,1.0
0.3451851851851852,1.0
0.34535573122529645,1.0
0.3455264458724666,1.0
0.3456973293768546,1.0
0.3458683819891143,1.0
0.346039603960396,1.0
0.3462109955423477,1.0
0.34638255698711595,1.0
0.34655428854734754,1.0
0.34672619047619047,1.0
0.34689826302729526,1.0
0.3470705064548163,1.0
0.3472429210134128,1.0
0.3474155069582505,1.0
0.34758826454500247,1.0
0.34776119402985073,1.0
0.3479342956694873,1.0
0.34810756972111556,1.0
0.3482810164424514,1.0
0.34845463609172483,1.0
0.3486284289276808,1.0
0.34880239520958084,1.0
0.3489765351972042,1.0
0.34915084915084915,1.0
0.3493253373313343,1.0
0.3495,1.0
0.34967483741870936,1.0
0.34984984984984985,1.0
0.3500250375563345,1.0
0.3502004008016032,1.0
0.35037593984962406,1.0
0.3505516549648947,1.0
0.3507275464124435,1.0
0.3509036144578313,1.0
0.3510798593671522,1.0
0.3512562814070352,1.0
0.3514328808446455,1.0
0.3516096579476861,1.0
0.3517866129843986,1.0
0.35196374622356497,1.0
0.35214105793450884,1.0
0.35231854838709675,1.0
0.3524962178517398,1.0
0.35267406659939454,1.0
0.3528520949015649,1.0
0.353030303030303,1.0
0.3532086912582112,1.0
0.3533872598584429,1.0
0.3535660091047041,1.0
0.35374493927125505,1.0
0.3539240506329114,1.0
0.3541033434650456,1.0
0.35428281804358847,1.0
0.35446247464503045,1.0
0.3546423135464231,1.0
0.3548223350253807,1.0
0.35500253936008125,1.0
0.3551829268292683,1.0
0.3553634977122522,1.0
0.3555442522889115,1.0
0.35572519083969467,1.0
0.3559063136456212,1.0
0.3560876209882832,1.0
0.3562691131498471,1.0
0.35645079041305455,1.0
0.3566326530612245,1.0
0.3568147013782542,1.0
0.35699693564862106,1.0
0.3571793561573838,1.0
0.35736196319018404,1.0
0.35754475703324806,1.0
0.3577277379733879,1.0
0.3579109062980031,1.0
0.35809426229508196,1.0
0.3582778062532035,1.0
0.35846153846153844,1.0
0.3586454592098512,1.0
0.35882956878850103,1.0
0.35901386748844377,1.0
0.3591983556012333,1.0
0.3593830334190231,1.0
0.3595679012345679,1.0
0.3597529593412249,1.0
0.35993820803295573,1.0
0.3601236476043277,1.0
0.36030927835051546,1.0
0.3604951005673027,1.0
0.3606811145510836,1.0
0.3608673205988642,1.0
0.36105371900826444,1.0
0.3612403100775194,1.0
0.36142709410548085,1.0
0.3616140713916192,1.0
0.36180124223602483,1.0
0.36198860693940965,1.0
0.3621761658031088,1.0
0.36236391912908245,1.0
0.362551867219917,1.0
0.3627400103788272,1.0
0.3629283489096573,1.0
0.3631168831168831,1.0
0.3633056133056133,1.0
0.36349453978159124,1.0
0.3636836628511967,1.0
0.36387298282144714,1.0
0.3640625,1.0
0.36425221469515373,1.0
0.36444212721584984,1.0
0.3646322378716745,1.0
0.36482254697286015,1.0
0.36501305483028723,1.0
0.3652037617554859,1.0
0.36539466806063775,1.0
0.3655857740585774,1.0
0.36577708006279436,1.0
0.36596858638743457,1.0
0.36616029334730227,1.0
0.3663522012578616,1.0
0.3665443104352386,1.0
0.36673662119622247,1.0
0.3669291338582677,1.0
0.36712184873949577,1.0
0.3673147661586968,1.0
0.3675078864353312,1.0
0.3677012098895318,1.0
0.3678947368421053,1.0
0.36808846761453395,1.0
0.36828240252897787,1.0
0.3684765419082762,1.0
0.3686708860759494,1.0
0.36886543535620053,1.0
0.36906019007391766,1.0
0.3692551505546751,1.0
0.36945031712473575,1.0
0.36964569011105236,1.0
0.36984126984126986,1.0
0.3700370566437268,1.0
0.3702330508474576,1.0
0.37042925278219396,1.0
0.3706256627783669,1.0
0.37082228116710875,1.0
0.37101910828025475,1.0
0.3712161444503452,1.0
0.371413390010627,1.0
0.37161084529505584,1.0
0.3718085106382979,1.0
0.37200638637573175,1.0
0.3722044728434505,1.0
0.3724027703782632,1.0
0.3726012793176972,1.0
0.3728,1.0
0.37299893276414087,1.0
0.37319807794981313,1.0
0.3733974358974359,1.0
0.37359700694815606,1.0
0.37379679144385025,1.0
0.3739967897271268,1.0
0.3741970021413276,1.0
0.37439742903053025,1.0
0.3745980707395498,1.0
0.374798927613941,1.0
0.375,1.0
0.3752012882447665,1.0
0.3754027926960258,1.0
0.37560451370231057,1.0
0.3758064516129032,1.0
0.37600860677783754,1.0
0.37621097954790095,1.0
0.3764135702746365,1.0
0.3766163793103448,1.0
0.37681940700808625,1.0
0.37702265372168287,1.0
0.37722611980572046,1.0
0.37742980561555073,1.0
0.37763371150729336,1.0
0.37783783783783786,1.0
0.3780421849648459,1.0
0.3782467532467532,1.0
0.37845154304277207,1.0
0.3786565547128927,1.0
0.37886178861788616,1.0
0.37906724511930584,1.0
0.37927292457948997,1.0
0.3789359391965255,0.9985693848354793
0.37914177077675176,0.9985693848354793
0.3793478260869565,0.9985693848354793
0.37955410549211527,0.9985693848354793
0.3797606093579978,0.9985693848354793
0.3799673380511704,0.9985693848354793
0.3801742919389978,0.9985693848354793
0.3803814713896458,0.9985693848354793
0.38058887677208286,0.9985693848354793
0.3807965084560829,0.9985693848354793
0.38100436681222705,0.9985693848354793
0.3812124522119061,0.9985693848354793
0.3814207650273224,0.9985693848354793
0.3816293056314926,0.9985693848354793
0.38183807439824946,0.9985693848354793
0.3820470717022441,0.9985693848354793
0.3822562979189485,0.9985693848354793
0.38246575342465755,0.9985693848354793
0.3826754385964912,0.9985693848354793
0.38288535381239713,0.9985693848354793
0.38309549945115257,0.9985693848354793
0.3833058758923668,0.9985693848354793
0.38351648351648354,0.9985693848354793
0.3837273227047828,0.9985693848354793
0.38393839383938394,0.9985693848354793
0.3841496973032471,0.9985693848354793
0.3843612334801762,0.9985693848354793
0.3845730027548209,0.9985693848354793
0.38478500551267913,0.9985693848354793
0.3849972421400993,0.9985693848354793
0.3852097130242826,0.9985693848354793
0.38542241855328546,0.9985693848354793
0.3856353591160221,0.9985693848354793
0.38584853510226647,0.9985693848354793
0.3860619469026549,0.9985693848354793
0.38627559490868846,0.9985693848354793
0.3864894795127353,0.9985693848354793
0.38670360110803326,0.9985693848354793
0.3869179600886918,0.9985693848354793
0.38713255684969494,0.9985693848354793
0.3873473917869034,0.9985693848354793
0.3875624652970572,0.9985693848354793
0.3877777777777778,0.9985693848354793
0.3879933296275709,0.9985693848354793
0.3882091212458287,0.9985693848354793
0.3884251530328325,0.9985693848354793
0.388641425389755,0.9985693848354793
0.388857938718663,0.9985693848354793
0.3890746934225195,0.9985693848354793
0.3892916899051868,0.9985693848354793
0.38950892857142855,0.9985693848354793
0.3897264098269123,0.9985693848354793
0.38994413407821227,0.9985693848354793
0.39016210173281163,0.9985693848354793
0.39038031319910516,0.9985693848354793
0.39059876888640177,0.9985693848354793
0.3908174692049272,0.9985693848354793
0.39103641456582633,0.9985693848354793
0.39125560538116594,0.9985693848354793
0.3914750420639372,0.9985693848354793
0.39169472502805835,0.9985693848354793
0.39191465468837733,0.9985693848354793
0.3921348314606742,0.9985693848354793
0.39235525576166386,0.9985693848354793
0.3925759280089989,0.9985693848354793
0.3927968486212718,0.9985693848354793
0.393018018018018,0.9985693848354793
0.39323943661971833,0.9985693848354793
0.39346110484780156,0.9985693848354793
0.3939051918735892,0.9985693848354793
0.39412761151891584,0.9985693848354793
0.3943502824858757,0.9985693848354793
0.39457320520067835,0.9985693848354793
0.3947963800904977,0.9985693848354793
0.3950198075834748,0.9985693848354793
0.3952434881087203,0.9985693848354793
0.3954674220963173,0.9985693848354793
0.3956916099773243,0.9985693848354793
0.3959160521837777,0.9985693848354793
0.3961407491486947,0.9985693848354793
0.39636570130607607,0.9985693848354793
0.3965909090909091,0.9985693848354793
0.39681637293917,0.9985693848354793
0.3970420932878271,0.9985693848354793
0.3972680705748435,0.9985693848354793
0.39749430523917995,0.9985693848354793
0.3977207977207977,0.9985693848354793
0.3979475484606613,0.9985693848354793
0.3981745579007416,0.9985693848354793
0.3984018264840183,0.9985693848354793
0.3986293546544831,0.9985693848354793
0.39885714285714285,0.9985693848354793
0.39908519153802174,0.9985693848354793
0.39931350114416475,0.9985693848354793
0.3995420721236405,0.9985693848354793
0.3997709049255441,0.9985693848354793
0.4,0.9985693848354793
0.40022935779816515,0.9985693848354793
0.4004589787722318,0.9985693848354793
0.4006888633754305,0.9985693848354793
0.4009190120620333,0.9985693848354793
0.4011494252873563,0.9985693848354793
0.4013801035077631,0.9985693848354793
0.4016110471806674,0.9985693848354793
0.40184225676453655,0.9985693848354793
0.402073732718894,0.9985693848354793
0.4023054755043228,0.9985693848354793
0.40253748558246827,0.9985693848354793
0.40276976341604154,0.9985693848354793
0.40300230946882215,0.9985693848354793
0.4032351242056615,0.9985693848354793
0.40346820809248557,0.9985693848354793
0.40370156159629844,0.9985693848354793
0.4039351851851852,0.9985693848354793
0.404169079328315,0.9985693848354793
0.4044032444959444,0.9985693848354793
0.4046376811594203,0.9985693848354793
0.4048723897911833,0.9985693848354793
0.4051073708647707,0.9985693848354793
0.40534262485482,0.9985693848354793
0.40557815223707144,0.9985693848354793
0.40581395348837207,0.9985693848354793
0.4060500290866783,0.9985693848354793
0.4062863795110594,0.9985693848354793
0.40652300524170065,0.9985693848354793
0.40675990675990675,0.9985693848354793
0.40699708454810496,0.9985693848354793
0.4072345390898483,0.9985693848354793
0.407472270869819,0.9985693848354793
0.4077102803738318,0.9985693848354793
0.40794856808883695,0.9985693848354793
0.408187134502924,0.9985693848354793
0.40842598010532477,0.9985693848354793
0.40866510538641687,0.9985693848354793
0.408904510837727,0.9985693848354793
0.4091441969519343,0.9985693848354793
0.4093841642228739,0.9985693848354793
0.4096244131455399,0.9985693848354793
0.40986494421608927,0.9985693848354793
0.4101057579318449,0.9985693848354793
0.41034685479129923,0.9985693848354793
0.41058823529411764,0.9985693848354793
0.41082989994114183,0.9985693848354793
0.4110718492343934,0.9985693848354793
0.41131408367707717,0.9985693848354793
0.4115566037735849,0.9985693848354793
0.41179941002949855,0.9985693848354793
0.41204250295159384,0.9985693848354793
0.4122858830478441,0.9985693848354793
0.41252955082742315,0.9985693848354793
0.4127735068007096,0.9985693848354793
0.41301775147928993,0.9985693848354793
0.4132622853759621,0.9985693848354793
0.41350710900473936,0.9985693848354793
0.41375222288085356,0.9985693848354793
0.4139976275207592,0.9985693848354793
0.4142433234421365,0.9985693848354793
0.4144893111638955,0.9985693848354793
0.4147355912061794,0.9985693848354793
0.4149821640903686,0.9985693848354793
0.41522903033908387,0.9985693848354793
0.4154761904761905,0.9985693848354793
0.41572364502680165,0.9985693848354793
0.4159713945172825,0.9985693848354793
0.4162194394752534,0.9985693848354793
0.41646778042959426,0.9985693848354793
0.4167164179104478,0.9985693848354793
0.4169653524492234,0.9985693848354793
0.41721458457860133,0.9985693848354793
0.41746411483253587,0.9985693848354793
0.4177139437462597,0.9985693848354793
0.4179640718562874,0.9985693848354793
0.4182144997004194,0.9985693848354793
0.4184652278177458,0.9985693848354793
0.41871625674865026,0.9985693848354793
0.4189675870348139,0.9985693848354793
0.41921921921921923,0.9985693848354793
0.41947115384615385,0.9985693848354793
0.4197233914612147,0.9985693848354793
0.41997593261131166,0.9985693848354793
0.4202287778446719,0.9985693848354793
0.42048192771084336,0.9985693848354793
0.4207353827606992,0.9985693848354793
0.4209891435464415,0.9985693848354793
0.4212432106216053,0.9985693848354793
0.4214975845410628,0.9985693848354793
0.4217522658610272,0.9985693848354793
0.42200725513905685,0.9985693848354793
0.4222625529340593,0.9985693848354793
0.4225181598062954,0.9985693848354793
0.4227740763173834,0.9985693848354793
0.42303030303030303,0.9985693848354793
0.42328684050939963,0.9985693848354793
0.42354368932038833,0.9985693848354793
0.4238008500303582,0.9985693848354793
0.4240583232077764,0.9985693848354793
0.4243161094224924,0.9985693848354793
0.4245742092457421,0.9985693848354793
0.42483262325015214,0.9985693848354793
0.42509135200974424,0.9985693848354793
0.4253503960999391,0.9985693848354793
0.42560975609756097,0.9985693848354793
0.425869432580842,0.9985693848354793
0.4261294261294261,0.9985693848354793
0.42638973732437385,0.9985693848354793
0.42665036674816625,0.9985693848354793
0.42691131498470947,0.9985693848354793
0.42717258261933905,0.9985693848354793
0.42743417023882424,0.9985693848354793
0.42769607843137253,0.9985693848354793
0.42795830778663396,0.9985693848354793
0.42822085889570555,0.9985693848354793
0.4284837323511357,0.9985693848354793
0.42874692874692877,0.9985693848354793
0.4290104486785495,0.9985693848354793
0.42927429274292744,0.9985693848354793
0.42953846153846154,0.9985693848354793
0.42980295566502463,0.9985693848354793
0.430067775723968,0.9985693848354793
0.43033292231812575,0.9985693848354793
0.4305983960518199,0.9985693848354793
0.4308641975308642,0.9985693848354793
0.4311303273625695,0.9985693848354793
0.43139678615574784,0.9985693848354793
0.43166357452071735,0.9985693848354793
0.4319306930693069,0.9985693848354793
0.4321981424148607,0.9985693848354793
0.43246592317224286,0.9985693848354793
0.43273403595784254,0.9985693848354793
0.43300248138957814,0.9985693848354793
0.43327126008690253,0.9985693848354793
0.4335403726708075,0.9985693848354793
0.4338098197638285,0.9985693848354793
0.43407960199004975,0.9985693848354793
0.4343497199751089,0.9985693848354793
0.43462017434620176,0.9985693848354793
0.43489096573208724,0.9985693848354793
0.43516209476309226,0.9985693848354793
0.43543356207111666,0.9985693848354793
0.43570536828963796,0.9985693848354793
0.43597751405371643,0.9985693848354793
0.43625,0.9985693848354793
0.4365228267667292,0.9985693848354793
0.43679599499374216,0.9985693848354793
0.4370695053224796,0.9985693848354793
0.43734335839599,0.9985693848354793
0.43761755485893417,0.9985693848354793
0.437892095357591,0.9985693848354793
0.4381669805398619,0.9985693848354793
0.43844221105527637,0.9985693848354793
0.43871778755499685,0.9985693848354793
0.4389937106918239,0.9985693848354793
0.4392699811202014,0.9985693848354793
0.43954659949622166,0.9985693848354793
0.43982356647763077,0.9985693848354793
0.4401008827238335,0.9985693848354793
0.44037854889589906,0.9985693848354793
0.44065656565656564,0.9985693848354793
0.4409349336702464,0.9985693848354793
0.44121365360303416,0.9985693848354793
0.4414927261227071,0.9985693848354793
0.4417721518987342,0.9985693848354793
0.4420519316022799,0.9985693848354793
0.4423320659062104,0.9985693848354793
0.4426125554850983,0.9985693848354793
0.44289340101522845,0.9985693848354793
0.44317460317460317,0.9985693848354793
0.4434561626429479,0.9985693848354793
0.44373808010171645,0.9985693848354793
0.4440203562340967,0.9985693848354793
0.4443029917250159,0.9985693848354793
0.4445859872611465,0.9985693848354793
0.4448693435309114,0.9985693848354793
0.4451530612244898,0.9985693848354793
0.4454371410338226,0.9985693848354793
0.44572158365261816,0.9985693848354793
0.4460063897763578,0.9985693848354793
0.4462915601023018,0.9985693848354793
0.4465770953294946,0.9985693848354793
0.4468629961587708,0.9985693848354793
0.44714926329276106,0.9985693848354793
0.44743589743589746,0.9985693848354793
0.4477228992944195,0.9985693848354793
0.44801026957637996,0.9985693848354793
0.4482980089916506,0.9985693848354793
0.448586118251928,0.9985693848354793
0.44887459807073954,0.9985693848354793
0.4491634491634492,0.9985693848354793
0.4494526722472634,0.9985693848354793
0.4497422680412371,0.9985693848354793
0.45003223726627983,0.9985693848354793
0.4503225806451613,0.9985693848354793
0.4506132989025178,0.9985693848354793
0.4509043927648579,0.9985693848354793
0.45119586296056885,0.9985693848354793
0.4514877102199224,0.9985693848354793
0.4517799352750809,0.9985693848354793
0.4520725388601036,0.9985693848354793
0.4523655217109527,0.9985693848354793
0.45265888456549935,0.9985693848354793
0.45295262816353016,0.9985693848354793
0.45324675324675323,0.9985693848354793
0.4535412605588044,0.9985693848354793
0.4538361508452536,0.9985693848354793
0.4541314248536109,0.9985693848354793
0.4544270833333333,0.9985693848354793
0.4547231270358306,0.9985693848354793
0.455019556714472,0.9985693848354793
0.4553163731245923,0.9985693848354793
0.4556135770234987,0.9985693848354793
0.4559111691704768,0.9985693848354793
0.4562091503267974,0.9985693848354793
0.4565075212557227,0.9985693848354793
0.4568062827225131,0.9985693848354793
0.45710543549443355,0.9985693848354793
0.45740498034076016,0.9985693848354793
0.4577049180327869,0.9985693848354793
0.458005249343832,0.9985693848354793
0.4583059750492449,0.9985693848354793
0.45860709592641263,0.9985693848354793
0.4589086127547666,0.9985693848354793
0.45921052631578946,0.9985693848354793
0.45951283739302173,0.9985693848354793
0.4598155467720685,0.9985693848354793
0.46011865524060647,0.9985693848354793
0.4604221635883905,0.9985693848354793
0.46072607260726073,0.9985693848354793
0.4610303830911493,0.9985693848354793
0.46133509583608723,0.9985693848354793
0.46164021164021163,0.9985693848354793
0.4619457313037723,0.9985693848354793
0.46225165562913906,0.9985693848354793
0.4625579854208085,0.9985693848354793
0.46286472148541113,0.9985693848354793
0.46317186463171867,0.9985693848354793
0.4634794156706507,0.9985693848354793
0.46378737541528237,0.9985693848354793
0.4640957446808511,0.9985693848354793
0.4644045242847638,0.9985693848354793
0.4647137150466045,0.9985693848354793
0.46502331778814127,0.9985693848354793
0.4646666666666667,0.9971387696709585
0.46497665110073383,0.9971387696709585
0.4652870493991989,0.9971387696709585
0.46559786239144957,0.9971387696709585
0.4659090909090909,0.9971387696709585
0.4662207357859532,0.9971387696709585
0.46653279785809904,0.9971387696709585
0.46684527796383124,0.9971387696709585
0.4671581769436997,0.9971387696709585
0.4674714956405097,0.9971387696709585
0.4677852348993289,0.9971387696709585
0.46809939556749497,0.9971387696709585
0.46841397849462363,0.9971387696709585
0.468728984532616,0.9971387696709585
0.4690444145356662,0.9971387696709585
0.46936026936026937,0.9971387696709585
0.4696765498652291,0.9971387696709585
0.46999325691166555,0.9971387696709585
0.47031039136302294,0.9971387696709585
0.4706279540850776,0.9971387696709585
0.47094594594594597,0.9971387696709585
0.47126436781609193,0.9971387696709585
0.47158322056833557,0.9971387696709585
0.4719025050778605,0.9971387696709585
0.4722222222222222,0.9971387696709585
0.4725423728813559,0.9971387696709585
0.4728629579375848,0.9971387696709585
0.47318397827562797,0.9971387696709585
0.4735054347826087,0.9971387696709585
0.4738273283480625,0.9971387696709585
0.4741496598639456,0.9971387696709585
0.47447243022464264,0.9971387696709585
0.47479564032697547,0.9971387696709585
0.47511929107021134,0.9971387696709585
0.47544338335607095,0.9971387696709585
0.4757679180887372,0.9971387696709585
0.4760928961748634,0.9971387696709585
0.4764183185235817,0.9971387696709585
0.47674418604651164,0.9971387696709585
0.47707049965776865,0.9971387696709585
0.4773972602739726,0.9971387696709585
0.47772446881425634,0.9971387696709585
0.4780521262002744,0.9971387696709585
0.4783802333562114,0.9971387696709585
0.47870879120879123,0.9971387696709585
0.47903780068728524,0.9971387696709585
0.4793672627235213,0.9971387696709585
0.4796971782518926,0.9971387696709585
0.4800275482093664,0.9971387696709585
0.48035837353549277,0.9971387696709585
0.4806896551724138,0.9971387696709585
0.4810213940648723,0.9971387696709585
0.481353591160221,0.9971387696709585
0.48168624740843125,0.9971387696709585
0.48201936376210236,0.9971387696709585
0.4823529411764706,0.9971387696709585
0.4826869806094183,0.9971387696709585
0.483021483021483,0.9971387696709585
0.48335644937586686,0.9971387696709585
0.48369188063844554,0.9971387696709585
0.4840277777777778,0.9971387696709585
0.48436414176511466,0.9971387696709585
0.4847009735744089,0.9971387696709585
0.4850382741823243,0.9971387696709585
0.4853760445682451,0.9971387696709585
0.4857142857142857,0.9971387696709585
0.4860529986052999,0.9971387696709585
0.48639218422889047,0.9971387696709585
0.486731843575419,0.9971387696709585
0.48707197763801535,0.9971387696709585
0.4874125874125874,0.9971387696709585
0.48775367389783064,0.9971387696709585
0.4880952380952381,0.9971387696709585
0.48843728100911005,0.9971387696709585
0.4887798036465638,0.9971387696709585
0.48912280701754385,0.9971387696709585
0.48946629213483145,0.9971387696709585
0.4898102600140548,0.9971387696709585
0.490154711673699,0.9971387696709585
0.4904996481351161,0.9971387696709585
0.4908450704225352,0.9971387696709585
0.49119097956307256,0.9971387696709585
0.4915373765867419,0.9971387696709585
0.4918842625264644,0.9971387696709585
0.4922316384180791,0.9971387696709585
0.4925795053003534,0.9971387696709585
0.4929278642149929,0.9971387696709585
0.49327671620665253,0.9971387696709585
0.4936260623229462,0.9971387696709585
0.4939759036144578,0.9971387696709585
0.49432624113475176,0.9971387696709585
0.49467707594038324,0.9971387696709585
0.4950284090909091,0.9971387696709585
0.4953802416488984,0.9971387696709585
0.4957325746799431,0.9971387696709585
0.49608540925266903,0.9971387696709585
0.4964387464387464,0.9971387696709585
0.49679258731290094,0.9971387696709585
0.4971469329529244,0.9971387696709585
0.49750178443968596,0.9971387696709585
0.49785714285714283,0.9971387696709585
0.4982130092923517,0.9971387696709585
0.49856938483547925,0.9971387696709585
0.49892627057981387,0.9971387696709585
0.4992836676217765,0.9971387696709585
0.4996415770609319,0.9971387696709585
0.5,0.9971387696709585
0.5003589375448672,0.9971387696709585
0.5007183908045977,0.9971387696709585
0.501078360891445,0.9971387696709585
0.5014388489208633,0.9971387696709585
0.5017998560115191,0.9971387696709585
0.5021613832853026,0.9971387696709585
0.5025234318673396,0.9971387696709585
0.5028860028860029,0.9971387696709585
0.5032490974729242,0.9971387696709585
0.5036127167630058,0.9971387696709585
0.5039768618944324,0.9971387696709585
0.5043415340086831,0.9971387696709585
0.503982621288921,0.9957081545064378
0.5043478260869565,0.9957081545064378
0.504713560551124,0.9957081545064378
0.5050798258345428,0.9957081545064378
0.5054466230936819,0.9957081545064378
0.5058139534883721,0.9957081545064378
0.5061818181818182,0.9957081545064378
0.5065502183406113,0.9957081545064378
0.5069191551347414,0.9957081545064378
0.5072886297376094,0.9957081545064378
0.5076586433260394,0.9957081545064378
0.5080291970802919,0.9957081545064378
0.508400292184076,0.9957081545064378
0.5087719298245614,0.9957081545064378
0.5091441111923921,0.9957081545064378
0.5095168374816984,0.9957081545064378
0.5098901098901099,0.9957081545064378
0.5102639296187683,0.9957081545064378
0.5106382978723404,0.9957081545064378
0.5110132158590308,0.9957081545064378
0.5113886847905952,0.9957081545064378
0.5117647058823529,0.9957081545064378
0.5121412803532008,0.9957081545064378
0.5125184094256259,0.9957081545064378
0.5128960943257185,0.9957081545064378
0.5132743362831859,0.9957081545064378
0.5136531365313654,0.9957081545064378
0.5140324963072378,0.9957081545064378
0.5144124168514412,0.9957081545064378
0.514792899408284,0.9957081545064378
0.5151739452257587,0.9957081545064378
0.5155555555555555,0.9957081545064378
0.5151964418087472,0.994277539341917
0.5155786350148368,0.994277539341917
0.5159613956941351,0.994277539341917
0.5163447251114414,0.994277539341917
0.516728624535316,0.994277539341917
0.5171130952380952,0.994277539341917
0.5174981384959046,0.994277539341917
0.5178837555886736,0.994277539341917
0.5182699478001491,0.994277539341917
0.5186567164179104,0.994277539341917
0.5190440627333831,0.994277539341917
0.5194319880418535,0.994277539341917
0.5198204936424832,0.994277539341917
0.5202095808383234,0.994277539341917
0.5205992509363296,0.994277539341917
0.5209895052473763,0.994277539341917
0.5213803450862715,0.994277539341917
0.5217717717717718,0.994277539341917
0.5221637866265966,0.994277539341917
0.5225563909774437,0.994277539341917
0.5229495861550038,0.994277539341917
0.5233433734939759,0.994277539341917
0.5237377543330821,0.994277539341917
0.524132730015083,0.994277539341917
0.5245283018867924,0.994277539341917
0.5249244712990937,0.994277539341917
0.5245653817082389,0.9928469241773963
0.5249621785173979,0.9928469241773963
0.5253595760787282,0.9928469241773963
0.5257575757575758,0.9928469241773963
0.5261561789234268,0.9928469241773963
0.5265553869499241,0.9928469241773963
0.5269552012148823,0.9928469241773963
0.5273556231003039,0.9928469241773963
0.5277566539923955,0.9928469241773963
0.528158295281583,0.9928469241773963
0.5285605483625285,0.9928469241773963
0.5289634146341463,0.9928469241773963
0.5293668954996186,0.9928469241773963
0.5297709923664122,0.9928469241773963
0.5301757066462949,0.9928469241773963
0.5305810397553516,0.9928469241773963
0.5309869931140015,0.9928469241773963
0.5313935681470138,0.9928469241773963
0.5318007662835249,0.9928469241773963
0.5322085889570553,0.9928469241773963
0.5326170376055257,0.9928469241773963
0.533026113671275,0.9928469241773963
0.5334358186010761,0.9928469241773963
0.5338461538461539,0.9928469241773963
0.5342571208622017,0.9928469241773963
0.5346687211093991,0.9928469241773963
0.5350809560524287,0.9928469241773963
0.5354938271604939,0.9928469241773963
0.5359073359073359,0.9928469241773963
0.5363214837712519,0.9928469241773963
0.5367362722351121,0.9928469241773963
0.5371517027863777,0.9928469241773963
0.5375677769171185,0.9928469241773963
0.537984496124031,0.9928469241773963
0.5384018619084562,0.9928469241773963
0.5388198757763976,0.9928469241773963
0.5392385392385393,0.9928469241773963
0.5396578538102644,0.9928469241773963
0.5400778210116731,0.9928469241773963
0.5404984423676013,0.9928469241773963
0.5409197194076384,0.9928469241773963
0.5413416536661466,0.9928469241773963
0.5417642466822795,0.9928469241773963
0.5421875,0.9928469241773963
0.5426114151681001,0.9928469241773963
0.543035993740219,0.9928469241773963
0.543461237274863,0.9928469241773963
0.5438871473354232,0.9928469241773963
0.5443137254901961,0.9928469241773963
0.5447409733124019,0.9928469241773963
0.5451688923802043,0.9928469241773963
0.5455974842767296,0.9928469241773963
0.5460267505900865,0.9928469241773963
0.5464566929133858,0.9928469241773963
0.5468873128447597,0.9928469241773963
0.5473186119873817,0.9928469241773963
0.5477505919494869,0.9928469241773963
0.5481832543443917,0.9928469241773963
0.5486166007905139,0.9928469241773963
0.5490506329113924,0.9928469241773963
0.5494853523357086,0.9928469241773963
0.5499207606973059,0.9928469241773963
0.5503568596352102,0.9928469241773963
0.5507936507936508,0.9928469241773963
0.551231135822081,0.9928469241773963
0.5516693163751988,0.9928469241773963
0.5521081941129674,0.9928469241773963
0.552547770700637,0.9928469241773963
0.552988047808765,0.9928469241773963
0.5534290271132376,0.9928469241773963
0.5538707102952913,0.9928469241773963
0.5543130990415336,0.9928469241773963
0.5547561950439648,0.9928469241773963
0.5552,0.9928469241773963
0.55564451561249,0.9928469241773963
0.5560897435897436,0.9928469241773963
0.5565356856455493,0.9928469241773963
0.5569823434991974,0.9928469241773963
0.557429718875502,0.9928469241773963
0.5578778135048231,0.9928469241773963
0.5583266291230893,0.9928469241773963
0.5587761674718197,0.9928469241773963
0.5592264302981467,0.9928469241773963
0.5596774193548387,0.9928469241773963
0.5601291364003228,0.9928469241773963
0.5605815831987075,0.9928469241773963
0.561034761519806,0.9928469241773963
0.5614886731391586,0.9928469241773963
0.5619433198380567,0.9928469241773963
0.5623987034035657,0.9928469241773963
0.5628548256285483,0.9928469241773963
0.5633116883116883,0.9928469241773963
0.5637692932575142,0.9928469241773963
0.5642276422764227,0.9928469241773963
0.564686737184703,0.9928469241773963
0.5651465798045603,0.9928469241773963
0.5656071719641402,0.9928469241773963
0.566068515497553,0.9928469241773963
0.566530612244898,0.9928469241773963
0.5669934640522876,0.9928469241773963
0.5674570727718724,0.9928469241773963
0.5679214402618658,0.9928469241773963
0.5683865683865684,0.9928469241773963
0.5688524590163935,0.9928469241773963
0.5693191140278917,0.9928469241773963
0.5697865353037767,0.9928469241773963
0.5702547247329499,0.9928469241773963
0.5707236842105263,0.9928469241773963
0.5711934156378601,0.9928469241773963
0.57166392092257,0.9928469241773963
0.5721352019785655,0.9928469241773963
0.5726072607260726,0.9928469241773963
0.5730800990916598,0.9928469241773963
0.5735537190082645,0.9928469241773963
0.5740281224152192,0.9928469241773963
0.5745033112582781,0.9928469241773963
0.5749792874896438,0.9928469241773963
0.5754560530679934,0.9928469241773963
0.5759336099585062,0.9928469241773963
0.5764119601328903,0.9928469241773963
0.5768911055694098,0.9928469241773963
0.5773710482529119,0.9928469241773963
0.5778517901748543,0.9928469241773963
0.5783333333333334,0.9928469241773963
0.5788156797331109,0.9928469241773963
0.5792988313856428,0.9928469241773963
0.5797827903091061,0.9928469241773963
0.580267558528428,0.9928469241773963
0.5807531380753138,0.9928469241773963
0.5812395309882747,0.9928469241773963
0.5817267393126572,0.9928469241773963
0.5822147651006712,0.9928469241773963
0.5827036104114189,0.9928469241773963
0.5831932773109244,0.9928469241773963
0.5836837678721615,0.9928469241773963
0.5841750841750841,0.9928469241773963
0.5846672283066554,0.9928469241773963
0.5851602023608768,0.9928469241773963
0.5856540084388185,0.9928469241773963
0.5861486486486487,0.9928469241773963
0.5866441251056635,0.9928469241773963
0.5871404399323181,0.9928469241773963
0.5876375952582558,0.9928469241773963
0.588135593220339,0.9928469241773963
0.5886344359626803,0.9928469241773963
0.5891341256366723,0.9928469241773963
0.5896346644010195,0.9928469241773963
0.5901360544217688,0.9928469241773963
0.5906382978723405,0.9928469241773963
0.5911413969335605,0.9928469241773963
0.5916453537936914,0.9928469241773963
0.5921501706484642,0.9928469241773963
0.5926558497011102,0.9928469241773963
0.5931623931623932,0.9928469241773963
0.5936698032506416,0.9928469241773963
0.5941780821917808,0.9928469241773963
0.5946872322193659,0.9928469241773963
0.5951972555746141,0.9928469241773963
0.5957081545064378,0.9928469241773963
0.5962199312714777,0.9928469241773963
0.5967325881341359,0.9928469241773963
0.5972461273666093,0.9928469241773963
0.5977605512489234,0.9928469241773963
0.5982758620689655,0.9928469241773963
0.5987920621225195,0.9928469241773963
0.5993091537132987,0.9928469241773963
0.5998271391529818,0.9928469241773963
0.6003460207612457,0.9928469241773963
0.6008658008658009,0.9928469241773963
0.6013864818024264,0.9928469241773963
0.6019080659150043,0.9928469241773963
0.6024305555555556,0.9928469241773963
0.6029539530842746,0.9928469241773963
0.6034782608695652,0.9928469241773963
0.6040034812880766,0.9928469241773963
0.6045296167247387,0.9928469241773963
0.6050566695727986,0.9928469241773963
0.6055846422338569,0.9928469241773963
0.6061135371179039,0.9928469241773963
0.6066433566433567,0.9928469241773963
0.6071741032370953,0.9928469241773963
0.6077057793345009,0.9928469241773963
0.6082383873794917,0.9928469241773963
0.6087719298245614,0.9928469241773963
0.6093064091308165,0.9928469241773963
0.6098418277680141,0.9928469241773963
0.6103781882145998,0.9928469241773963
0.6109154929577465,0.9928469241773963
0.6114537444933921,0.9928469241773963
0.6119929453262787,0.9928469241773963
0.6125330979699912,0.9928469241773963
0.6130742049469965,0.9928469241773963
0.6136162687886826,0.9928469241773963
0.6141592920353982,0.9928469241773963
0.6147032772364924,0.9928469241773963
0.6152482269503546,0.9928469241773963
0.6157941437444543,0.9928469241773963
0.6163410301953819,0.9928469241773963
0.6168888888888889,0.9928469241773963
0.6174377224199288,0.9928469241773963
0.6179875333926982,0.9928469241773963
0.6185383244206774,0.9928469241773963
0.6190900981266726,0.9928469241773963
0.6196428571428572,0.9928469241773963
0.6201966041108132,0.9928469241773963
0.6207513416815742,0.9928469241773963
0.621307072515667,0.9928469241773963
0.6218637992831542,0.9928469241773963
0.6224215246636772,0.9928469241773963
0.6229802513464991,0.9928469241773963
0.6235399820305481,0.9928469241773963
0.6241007194244604,0.9928469241773963
0.6246624662466247,0.9928469241773963
0.6252252252252253,0.9928469241773963
0.6257889990982868,0.9928469241773963
0.6263537906137184,0.9928469241773963
0.6269196025293586,0.9928469241773963
0.6265822784810127,0.9914163090128756
0.6271493212669683,0.9914163090128756
0.6277173913043478,0.9914163090128756
0.628286491387126,0.9914163090128756
0.6279491833030852,0.9899856938483548
0.628519527702089,0.9899856938483548
0.6290909090909091,0.9899856938483548
0.629663330300273,0.9899856938483548
0.6302367941712204,0.9899856938483548
0.6308113035551504,0.9899856938483548
0.6313868613138686,0.9899856938483548
0.6319634703196347,0.9899856938483548
0.6325411334552102,0.9899856938483548
0.6331198536139067,0.9899856938483548
0.6336996336996337,0.9899856938483548
0.6342804766269478,0.9899856938483548
0.634862385321101,0.9899856938483548
0.6345270890725436,0.9885550786838341
0.6341911764705882,0.9871244635193133
0.6338546458141674,0.9856938483547926
0.6335174953959485,0.9842632331902719
0.6341013824884792,0.9842632331902719
0.6346863468634686,0.9842632331902719
0.6352723915050785,0.9842632331902719
0.6358595194085028,0.9842632331902719
0.6364477335800185,0.9842632331902719
0.6370370370370371,0.9842632331902719
0.6376274328081557,0.9842632331902719
0.6382189239332097,0.9842632331902719
0.6388115134633241,0.9842632331902719
0.6394052044609665,0.9842632331902719
0.64,0.9842632331902719
0.6405959031657356,0.9842632331902719
0.641192917054986,0.9842632331902719
0.6417910447761194,0.9842632331902719
0.642390289449113,0.9842632331902719
0.6429906542056075,0.9842632331902719
0.6435921421889617,0.9842632331902719
0.6441947565543071,0.9842632331902719
0.6447985004686035,0.9842632331902719
0.6454033771106942,0.9842632331902719
0.6460093896713615,0.9842632331902719
0.6466165413533834,0.9842632331902719
0.6472248353715898,0.9842632331902719
0.647834274952919,0.9842632331902719
0.648444863336475,0.9842632331902719
0.6490566037735849,0.9842632331902719
0.6496694995278565,0.9842632331902719
0.6502835538752363,0.9842632331902719
0.6508987701040682,0.9842632331902719
0.6515151515151515,0.9842632331902719
0.6521327014218009,0.9842632331902719
0.6527514231499051,0.9842632331902719
0.6524216524216524,0.9828326180257511
0.653041825095057,0.9828326180257511
0.653663177925785,0.9828326180257511
0.6542857142857142,0.9828326180257511
0.6549094375595805,0.9828326180257511
0.6555343511450382,0.9828326180257511
0.6561604584527221,0.9828326180257511
0.6567877629063098,0.9828326180257511
0.6574162679425838,0.9828326180257511
0.6580459770114943,0.9828326180257511
0.6586768935762224,0.9828326180257511
0.6593090211132437,0.9828326180257511
0.659942363112392,0.9828326180257511
0.6605769230769231,0.9828326180257511
0.6612127045235804,0.9828326180257511
0.661849710982659,0.9828326180257511
0.6624879459980714,0.9828326180257511
0.6621621621621622,0.9814020028612304
0.6628019323671498,0.9814020028612304
0.6634429400386848,0.9814020028612304
0.6640851887705711,0.9814020028612304
0.6647286821705426,0.9814020028612304
0.6653734238603298,0.9814020028612304
0.6660194174757281,0.9814020028612304
0.6666666666666666,0.9814020028612304
0.6673151750972762,0.9814020028612304
0.667964946445959,0.9814020028612304
0.6686159844054581,0.9814020028612304
0.6692682926829269,0.9814020028612304
0.669921875,0.9814020028612304
0.6705767350928641,0.9814020028612304
0.6712328767123288,0.9814020028612304
0.6718903036238981,0.9814020028612304
0.6725490196078432,0.9814020028612304
0.6732090284592738,0.9814020028612304
0.6738703339882122,0.9814020028612304
0.6745329400196657,0.9814020028612304
0.6751968503937008,0.9814020028612304
0.6758620689655173,0.9814020028612304
0.6765285996055227,0.9814020028612304
0.6771964461994077,0.9814020028612304
0.6778656126482213,0.9814020028612304
0.6775469831849654,0.9799713876967096
0.6782178217821783,0.9799713876967096
0.6788899900891973,0.9799713876967096
0.6795634920634921,0.9799713876967096
0.6802383316782522,0.9799713876967096
0.6809145129224652,0.9799713876967096
0.681592039800995,0.9799713876967096
0.6822709163346613,0.9799713876967096
0.6829511465603191,0.9799713876967096
0.6836327345309381,0.9799713876967096
0.6843156843156843,0.9799713876967096
0.685,0.9799713876967096
0.6856856856856857,0.9799713876967096
0.6863727454909819,0.9799713876967096
0.6870611835506519,0.9799713876967096
0.6877510040160643,0.9799713876967096
0.6884422110552764,0.9799713876967096
0.6891348088531187,0.9799713876967096
0.6898288016112789,0.9799713876967096
0.6905241935483871,0.9799713876967096
0.6912209889001009,0.9799713876967096
0.6919191919191919,0.9799713876967096
0.6926188068756319,0.9799713876967096
0.6933198380566802,0.9799713876967096
0.6940222897669707,0.9799713876967096
0.6947261663286004,0.9799713876967096
0.6954314720812182,0.9799713876967096
0.6961382113821138,0.9799713876967096
0.6968463886063072,0.9799713876967096
0.6975560081466395,0.9799713876967096
0.6982670744138634,0.9799713876967096
0.6989795918367347,0.9799713876967096
0.6996935648621042,0.9799713876967096
0.6993865030674846,0.9785407725321889
0.7001023541453428,0.9785407725321889
0.7008196721311475,0.9785407725321889
0.7015384615384616,0.9785407725321889
0.702258726899384,0.9785407725321889
0.7029804727646455,0.9785407725321889
0.7037037037037037,0.9785407725321889
0.7044284243048403,0.9785407725321889
0.7051546391752578,0.9785407725321889
0.7058823529411765,0.9785407725321889
0.7066115702479339,0.9785407725321889
0.7073422957600828,0.9785407725321889
0.7080745341614907,0.9785407725321889
0.7088082901554404,0.9785407725321889
0.7095435684647303,0.9785407725321889
0.7102803738317757,0.9785407725321889
0.7110187110187111,0.9785407725321889
0.7117585848074922,0.9785407725321889
0.7125,0.9785407725321889
0.7132429614181439,0.9785407725321889
0.7139874739039666,0.9785407725321889
0.7147335423197492,0.9785407725321889
0.7154811715481172,0.9785407725321889
0.7162303664921466,0.9785407725321889
0.7169811320754716,0.9785407725321889
0.7177334732423925,0.9785407725321889
0.7184873949579832,0.9785407725321889
0.7192429022082019,0.9785407725321889
0.72,0.9785407725321889
0.7207586933614331,0.9785407725321889
0.7215189873417721,0.9785407725321889
0.7222808870116156,0.9785407725321889
0.7230443974630021,0.9785407725321889
0.7238095238095238,0.9785407725321889
0.7245762711864406,0.9785407725321889
0.7253446447507953,0.9785407725321889
0.7261146496815286,0.9785407725321889
0.7268862911795961,0.9785407725321889
0.7276595744680852,0.9785407725321889
0.7284345047923323,0.9785407725321889
0.7292110874200426,0.9785407725321889
0.7299893276414088,0.9785407725321889
0.7307692307692307,0.9785407725321889
0.7315508021390374,0.9785407725321889
0.7323340471092077,0.9785407725321889
0.7331189710610932,0.9785407725321889
0.7339055793991416,0.9785407725321889
0.7346938775510204,0.9785407725321889
0.7354838709677419,0.9785407725321889
0.736275565123789,0.9785407725321889
0.7359913793103449,0.977110157367668
0.7367853290183387,0.977110157367668
0.7375809935205183,0.977110157367668
0.7383783783783784,0.977110157367668
0.7391774891774892,0.977110157367668
0.7399783315276273,0.977110157367668
0.7407809110629068,0.977110157367668
0.741585233441911,0.977110157367668
0.7423913043478261,0.977110157367668
0.7431991294885746,0.977110157367668
0.7440087145969498,0.977110157367668
0.7448200654307524,0.977110157367668
0.7456331877729258,0.977110157367668
0.746448087431694,0.977110157367668
0.7472647702407003,0.977110157367668
0.7480832420591457,0.977110157367668
0.7489035087719298,0.977110157367668
0.7497255762897914,0.977110157367668
0.7505494505494505,0.977110157367668
0.7502750275027503,0.9756795422031473
0.751101321585903,0.9756795422031473
0.7508269018743109,0.9742489270386266
0.7505518763796909,0.9728183118741058
0.7513812154696132,0.9728183118741058
0.7522123893805309,0.9728183118741058
0.751937984496124,0.9713876967095851
0.7527716186252772,0.9713876967095851
0.753607103218646,0.9713876967095851
0.7544444444444445,0.9713876967095851
0.7552836484983315,0.9713876967095851
0.7561247216035635,0.9713876967095851
0.7558528428093646,0.9699570815450643
0.7566964285714286,0.9699570815450643
0.7564245810055866,0.9685264663805436
0.7572706935123042,0.9685264663805436
0.7581187010078387,0.9685264663805436
0.7589686098654709,0.9685264663805436
0.7598204264870931,0.9685264663805436
0.7595505617977528,0.9670958512160229
0.7604049493813273,0.9670958512160229
0.7601351351351351,0.9656652360515021
0.7609921082299888,0.9656652360515021
0.7618510158013544,0.9656652360515021
0.7627118644067796,0.9656652360515021
0.7635746606334841,0.9656652360515021
0.7644394110985278,0.9656652360515021
0.7653061224489796,0.9656652360515021
0.7661748013620885,0.9656652360515021
0.7670454545454546,0.9656652360515021
0.7679180887372014,0.9656652360515021
0.7687927107061503,0.9656652360515021
0.7696693272519954,0.9656652360515021
0.7705479452054794,0.9656652360515021
0.7714285714285715,0.9656652360515021
0.7711670480549199,0.9642346208869814
0.7720504009163803,0.9642346208869814
0.7729357798165137,0.9642346208869814
0.7738231917336394,0.9642346208869814
0.774712643678161,0.9642346208869814
0.7756041426927502,0.9642346208869814
0.7764976958525346,0.9642346208869814
0.7773933102652826,0.9642346208869814
0.7782909930715936,0.9642346208869814
0.7791907514450868,0.9642346208869814
0.7800925925925926,0.9642346208869814
0.7809965237543454,0.9642346208869814
0.7819025522041764,0.9642346208869814
0.7828106852497096,0.9642346208869814
0.7837209302325582,0.9642346208869814
0.7846332945285215,0.9642346208869814
0.7855477855477856,0.9642346208869814
0.7864644107351225,0.9642346208869814
0.7862149532710281,0.9628040057224606
0.7871345029239766,0.9628040057224606
0.788056206088993,0.9628040057224606
0.7889800703399765,0.9628040057224606
0.789906103286385,0.9628040057224606
0.790834312573443,0.9628040057224606
0.7917647058823529,0.9628040057224606
0.7926972909305064,0.9628040057224606
0.7936320754716981,0.9628040057224606
0.7933884297520661,0.9613733905579399
0.7943262411347518,0.9613733905579399
0.7952662721893491,0.9613733905579399
0.7962085308056872,0.9613733905579399
0.797153024911032,0.9613733905579399
0.7980997624703088,0.9613733905579399
0.7990487514863258,0.9613733905579399
0.8,0.9613733905579399
0.8009535160905841,0.9613733905579399
0.8007159904534606,0.9599427753934192
0.8016726403823178,0.9599427753934192
0.8026315789473685,0.9599427753934192
0.8035928143712575,0.9599427753934192
0.8045563549160671,0.9599427753934192
0.8055222088835534,0.9599427753934192
0.8064903846153846,0.9599427753934192
0.8074608904933814,0.9599427753934192
0.808433734939759,0.9599427753934192
0.8094089264173703,0.9599427753934192
0.8103864734299517,0.9599427753934192
0.81136638452237,0.9599427753934192
0.8123486682808717,0.9599427753934192
0.8133333333333334,0.9599427753934192
0.8143203883495146,0.9599427753934192
0.8153098420413123,0.9599427753934192
0.8150851581508516,0.9585121602288984
0.8160779537149817,0.9585121602288984
0.8170731707317073,0.9585121602288984
0.818070818070818,0.9585121602288984
0.8190709046454768,0.9585121602288984
0.8188494492044064,0.9570815450643777
0.8198529411764706,0.9570815450643777
0.8208588957055215,0.9570815450643777
0.8218673218673219,0.9570815450643777
0.8228782287822878,0.9570815450643777
0.8238916256157636,0.9570815450643777
0.8249075215782984,0.9570815450643777
0.825925925925926,0.9570815450643777
0.826946847960445,0.9570815450643777
0.8279702970297029,0.9570815450643777
0.828996282527881,0.9570815450643777
0.8287841191066998,0.9556509298998569
0.8298136645962733,0.9556509298998569
0.8296019900497512,0.9542203147353362
0.8293897882938979,0.9527896995708155
0.830423940149626,0.9527896995708155
0.8302122347066168,0.9513590844062947
0.83125,0.9513590844062947
0.8322903629536921,0.9513590844062947
0.8333333333333334,0.9513590844062947
0.8331242158092849,0.949928469241774
0.8329145728643216,0.9484978540772532
0.8339622641509434,0.9484978540772532
0.8337531486146096,0.9470672389127325
0.8335435056746532,0.9456366237482118
0.8345959595959596,0.9456366237482118
0.8356510745891277,0.9456366237482118
0.8367088607594937,0.9456366237482118
0.8377693282636248,0.9456366237482118
0.8375634517766497,0.944206008583691
0.8386277001270648,0.944206008583691
0.8396946564885496,0.944206008583691
0.8407643312101911,0.944206008583691
0.8405612244897959,0.9427753934191703
0.8416347381864623,0.9427753934191703
0.8427109974424553,0.9427753934191703
0.8437900128040973,0.9427753934191703
0.8448717948717949,0.9427753934191703
0.8459563543003851,0.9427753934191703
0.8470437017994858,0.9427753934191703
0.8481338481338482,0.9427753934191703
0.8492268041237113,0.9427753934191703
0.8503225806451613,0.9427753934191703
0.8501291989664083,0.9413447782546495
0.8499353169469599,0.9399141630901288
0.8510362694300518,0.9399141630901288
0.8521400778210116,0.9399141630901288
0.8532467532467533,0.9399141630901288
0.8543563068920677,0.9399141630901288
0.85546875,0.9399141630901288
0.8552803129074316,0.9384835479256081
0.856396866840731,0.9384835479256081
0.857516339869281,0.9384835479256081
0.8586387434554974,0.9384835479256081
0.8584534731323722,0.9370529327610873
0.8595800524934383,0.9370529327610873
0.8607095926412615,0.9370529327610873
0.8618421052631579,0.9370529327610873
0.8629776021080369,0.9370529327610873
0.8641160949868074,0.9370529327610873
0.8652575957727873,0.9370529327610873
0.8664021164021164,0.9370529327610873
0.8675496688741722,0.9370529327610873
0.8673740053050398,0.9356223175965666
0.8685258964143426,0.9356223175965666
0.8683510638297872,0.9341917024320457
0.8695073235685752,0.9341917024320457
0.8693333333333333,0.932761087267525
0.8704939919893191,0.932761087267525
0.8716577540106952,0.932761087267525
0.8714859437751004,0.9313304721030042
0.8726541554959786,0.9313304721030042
0.87248322147651,0.9298998569384835
0.8723118279569892,0.9284692417739628
0.873485868102288,0.9284692417739628
0.8746630727762803,0.9284692417739628
0.8758434547908233,0.9284692417739628
0.8770270270270271,0.9284692417739628
0.878213802435724,0.9284692417739628
0.8794037940379403,0.9284692417739628
0.8805970149253731,0.9284692417739628
0.8817934782608695,0.9284692417739628
0.8829931972789116,0.9284692417739628
0.8841961852861036,0.9284692417739628
0.8854024556616644,0.9284692417739628
0.8866120218579235,0.9284692417739628
0.8878248974008208,0.9284692417739628
0.8876712328767123,0.927038626609442
0.8888888888888888,0.927038626609442
0.8901098901098901,0.927038626609442
0.8913342503438789,0.927038626609442
0.8925619834710744,0.927038626609442
0.8937931034482759,0.927038626609442
0.893646408839779,0.9256080114449213
0.8948824343015215,0.9256080114449213
0.8961218836565097,0.9256080114449213
0.897364771151179,0.9256080114449213
0.8972222222222223,0.9241773962804005
0.8970792767732962,0.9227467811158798
0.8983286908077994,0.9227467811158798
0.899581589958159,0.9227467811158798
0.9008379888268156,0.9227467811158798
0.9006993006993007,0.9213161659513591
0.9019607843137255,0.9213161659513591
0.9032258064516129,0.9213161659513591
0.9030898876404494,0.9198855507868383
0.9029535864978903,0.9184549356223176
0.9042253521126761,0.9184549356223176
0.9055007052186178,0.9184549356223176
0.9067796610169492,0.9184549356223176
0.9066478076379066,0.9170243204577968
0.9065155807365439,0.9155937052932761
0.9063829787234042,0.9141630901287554
0.90625,0.9127324749642346
0.9061166429587483,0.9113018597997139
0.9074074074074074,0.9113018597997139
0.9072753209700428,0.9098712446351931
0.9071428571428571,0.9084406294706724
0.9084406294706724,0.9084406294706724
0.9097421203438395,0.9084406294706724
0.9096126255380201,0.9070100143061517
0.9094827586206896,0.9055793991416309
0.9107913669064748,0.9055793991416309
0.9121037463976945,0.9055793991416309
0.9134199134199135,0.9055793991416309
0.9147398843930635,0.9055793991416309
0.9160636758321273,0.9055793991416309
0.9173913043478261,0.9055793991416309
0.918722786647315,0.9055793991416309
0.9186046511627907,0.9041487839771102
0.9184861717612809,0.9027181688125894
0.9183673469387755,0.9012875536480687
0.9182481751824818,0.899856938483548
0.9181286549707602,0.8984263233190272
0.9194729136163983,0.8984263233190272
0.9193548387096774,0.8969957081545065
0.920704845814978,0.8969957081545065
0.9205882352941176,0.8955650929899857
0.9219440353460973,0.8955650929899857
0.9233038348082596,0.8955650929899857
0.9246676514032496,0.8955650929899857
0.9245562130177515,0.894134477825465
0.9259259259259259,0.894134477825465
0.9272997032640949,0.894134477825465
0.9271916790490342,0.8927038626609443
0.9270833333333334,0.8912732474964234
0.9269746646795827,0.8898426323319027
0.9283582089552239,0.8898426323319027
0.9282511210762332,0.8884120171673819
0.9281437125748503,0.8869814020028612
0.9280359820089955,0.8855507868383404
0.9279279279279279,0.8841201716738197
0.9278195488721804,0.882689556509299
0.9292168674698795,0.882689556509299
0.9306184012066365,0.882689556509299
0.9305135951661632,0.8812589413447782
0.9304084720121029,0.8798283261802575
0.9303030303030303,0.8783977110157367
0.9301972685887708,0.876967095851216
0.9300911854103343,0.8755364806866953
0.9299847792998478,0.8741058655221745
0.9298780487804879,0.8726752503576538
0.9297709923664123,0.871244635193133
0.9296636085626911,0.8698140200286123
0.9295558958652373,0.8683834048640916
0.9294478527607362,0.8669527896995708
0.9293394777265745,0.8655221745350501
0.9307692307692308,0.8655221745350501
0.9322033898305084,0.8655221745350501
0.9320987654320988,0.8640915593705293
0.9335394126738794,0.8640915593705293
0.93343653250774,0.8626609442060086
0.9333333333333333,0.8612303290414879
0.9332298136645962,0.8597997138769671
0.9331259720062208,0.8583690987124464
0.9345794392523364,0.8583690987124464
0.9360374414976599,0.8583690987124464
0.9359375,0.8569384835479256
0.9358372456964006,0.8555078683834049
0.9357366771159875,0.8540772532188842
0.9356357927786499,0.8526466380543634
0.9355345911949685,0.8512160228898427
0.9354330708661417,0.8497854077253219
0.9369085173501577,0.8497854077253219
0.9368088467614534,0.8483547925608012
0.9367088607594937,0.8469241773962805
0.936608557844691,0.8454935622317596
0.9365079365079365,0.844062947067239
0.9379968203497615,0.844062947067239
0.9378980891719745,0.8426323319027181
0.937799043062201,0.8412017167381974
0.9376996805111821,0.8397711015736766
0.9376,0.8383404864091559
0.9391025641025641,0.8383404864091559
0.9390048154093098,0.8369098712446352
0.9389067524115756,0.8354792560801144
0.9388083735909822,0.8340486409155937
0.9387096774193548,0.8326180257510729
0.938610662358643,0.8311874105865522
0.9385113268608414,0.8297567954220315
0.9384116693679092,0.8283261802575107
0.9383116883116883,0.82689556509299
0.9382113821138212,0.8254649499284692
0.9397394136807817,0.8254649499284692
0.9396411092985318,0.8240343347639485
0.9395424836601307,0.8226037195994278
0.939443535188216,0.821173104434907
0.9393442622950819,0.8197424892703863
0.9408866995073891,0.8197424892703863
0.9424342105263158,0.8197424892703863
0.942339373970346,0.8183118741058655
0.9438943894389439,0.8183118741058655
0.9454545454545454,0.8183118741058655
0.945364238410596,0.8168812589413448
0.945273631840796,0.8154506437768241
0.9451827242524917,0.8140200286123033
0.9467554076539102,0.8140200286123033
0.9483333333333334,0.8140200286123033
0.9499165275459098,0.8140200286123033
0.9498327759197325,0.8125894134477826
0.949748743718593,0.8111587982832618
0.9496644295302014,0.8097281831187411
0.9495798319327731,0.8082975679542204
0.9494949494949495,0.8068669527896996
0.9494097807757167,0.8054363376251789
0.9510135135135135,0.8054363376251789
0.9509306260575296,0.804005722460658
0.9508474576271186,0.8025751072961373
0.9507640067911715,0.8011444921316166
0.9506802721088435,0.7997138769670958
0.9505962521294719,0.7982832618025751
0.9505119453924915,0.7968526466380543
0.9504273504273504,0.7954220314735336
0.9503424657534246,0.7939914163090128
0.9502572898799314,0.7925608011444921
0.9501718213058419,0.7911301859799714
0.9500860585197934,0.7896995708154506
0.95,0.7882689556509299
0.9516407599309153,0.7882689556509299
0.9515570934256056,0.7868383404864091
0.9532062391681109,0.7868383404864091
0.953125,0.7854077253218884
0.9530434782608695,0.7839771101573677
0.9529616724738676,0.7825464949928469
0.9528795811518325,0.7811158798283262
0.9527972027972028,0.7796852646638054
0.9527145359019265,0.7782546494992847
0.9526315789473684,0.776824034334764
0.9525483304042179,0.7753934191702432
0.9524647887323944,0.7739628040057225
0.9523809523809523,0.7725321888412017
0.9522968197879859,0.771101573676681
0.952212389380531,0.7696709585121603
0.9521276595744681,0.7682403433476395
0.9538188277087034,0.7682403433476395
0.9537366548042705,0.7668097281831188
0.9536541889483066,0.765379113018598
0.9535714285714286,0.7639484978540773
0.9534883720930233,0.7625178826895566
0.953405017921147,0.7610872675250357
0.9551166965888689,0.7610872675250357
0.9550359712230215,0.759656652360515
0.954954954954955,0.7582260371959942
0.9548736462093863,0.7567954220314735
0.9547920433996383,0.7553648068669528
0.9547101449275363,0.753934191702432
0.9546279491833031,0.7525035765379113
0.9545454545454546,0.7510729613733905
0.9562841530054644,0.7510729613733905
0.9562043795620438,0.7496423462088698
0.9561243144424132,0.748211731044349
0.9560439560439561,0.7467811158798283
0.9559633027522936,0.7453505007153076
0.9558823529411765,0.7439198855507868
0.9576427255985267,0.7439198855507868
0.9575645756457565,0.7424892703862661
0.9574861367837338,0.7410586552217453
0.9574074074074074,0.7396280400572246
0.9573283858998145,0.7381974248927039
0.9572490706319703,0.7367668097281831
0.957169459962756,0.7353361945636624
0.957089552238806,0.7339055793991416
0.9588785046728971,0.7339055793991416
0.9588014981273408,0.7324749642346209
0.9587242026266416,0.7310443490701002
0.9586466165413534,0.7296137339055794
0.9585687382297552,0.7281831187410587
0.9584905660377359,0.7267525035765379
0.9584120982986768,0.7253218884120172
0.9583333333333334,0.7238912732474965
0.9581749049429658,0.721030042918455
0.9580952380952381,0.7195994277539342
0.9580152671755725,0.7181688125894135
0.9579349904397706,0.7167381974248928
0.9597701149425287,0.7167381974248928
0.9596928982725528,0.7153075822603719
0.9596153846153846,0.7138769670958512
0.9595375722543352,0.7124463519313304
0.9594594594594594,0.7110157367668097
0.9593810444874274,0.709585121602289
0.9593023255813954,0.7081545064377682
0.9611650485436893,0.7081545064377682
0.9610894941634242,0.7067238912732475
0.9629629629629629,0.7067238912732475
0.962890625,0.7052932761087267
0.9628180039138943,0.703862660944206
0.9627450980392157,0.7024320457796852
0.9646365422396856,0.7024320457796852
0.9645669291338582,0.7010014306151645
0.9644970414201184,0.6995708154506438
0.9644268774703557,0.698140200286123
0.9643564356435643,0.6967095851216023
0.9642857142857143,0.6952789699570815
0.9662027833001988,0.6952789699570815
0.9661354581673307,0.6938483547925608
0.9680638722554891,0.6938483547925608
0.968,0.6924177396280401
0.9679358717434869,0.6909871244635193
0.9678714859437751,0.6895565092989986
0.9698189134808853,0.6895565092989986
0.969758064516129,0.6881258941344778
0.9717171717171718,0.6881258941344778
0.97165991902834,0.6866952789699571
0.9716024340770791,0.6852646638054364
0.9715447154471545,0.6838340486409156
0.9714867617107943,0.6824034334763949
0.9714285714285714,0.6809728183118741
0.9713701431492843,0.6795422031473534
0.9713114754098361,0.6781115879828327
0.971252566735113,0.6766809728183119
0.9711934156378601,0.6752503576537912
0.9711340206185567,0.6738197424892703
0.9710743801652892,0.6723891273247496
0.9710144927536232,0.670958512160229
0.970954356846473,0.6695278969957081
0.9708939708939709,0.6680972818311874
0.9708333333333333,0.6666666666666666
0.9707724425887265,0.6652360515021459
0.9707112970711297,0.6638054363376252
0.9706498951781971,0.6623748211731044
0.9705882352941176,0.6609442060085837
0.9705263157894737,0.6595135908440629
0.9704641350210971,0.6580829756795422
0.9704016913319239,0.6566523605150214
0.9703389830508474,0.6552217453505007
0.970276008492569,0.65379113018598
0.9702127659574468,0.6523605150214592
0.9701492537313433,0.6509298998569385
0.9700854700854701,0.6494992846924177
0.9700214132762313,0.648068669527897
0.9699570815450643,0.6466380543633763
0.9698924731182795,0.6452074391988555
0.9698275862068966,0.6437768240343348
0.9697624190064795,0.642346208869814
0.9696969696969697,0.6409155937052933
0.9696312364425163,0.6394849785407726
0.9695652173913043,0.6380543633762518
0.9694989106753813,0.6366237482117311
0.9694323144104804,0.6351931330472103
0.9693654266958425,0.6337625178826896
0.9692982456140351,0.6323319027181689
0.9692307692307692,0.630901287553648
0.9691629955947136,0.6294706723891274
0.9690949227373068,0.6280400572246065
0.9690265486725663,0.6266094420600858
0.9689578713968958,0.6251788268955651
0.9688888888888889,0.6237482117310443
0.9688195991091314,0.6223175965665236
0.96875,0.6208869814020028
0.970917225950783,0.6208869814020028
0.9708520179372198,0.6194563662374821
0.9707865168539326,0.6180257510729614
0.9707207207207207,0.6165951359084406
0.9729119638826185,0.6165951359084406
0.9728506787330317,0.6151645207439199
0.9727891156462585,0.6137339055793991
0.9727272727272728,0.6123032904148784
0.9726651480637813,0.6108726752503576
0.9726027397260274,0.6094420600858369
0.9725400457665904,0.6080114449213162
0.9724770642201835,0.6065808297567954
0.9724137931034482,0.6051502145922747
0.9723502304147466,0.6037195994277539
0.9722863741339491,0.6022889842632332
0.9722222222222222,0.6008583690987125
0.9721577726218097,0.5994277539341917
0.9720930232558139,0.597997138769671
0.972027972027972,0.5965665236051502
0.9719626168224299,0.5951359084406295
0.9718969555035128,0.5937052932761088
0.971830985915493,0.592274678111588
0.971764705882353,0.5908440629470673
0.9716981132075472,0.5894134477825465
0.9716312056737588,0.5879828326180258
0.9715639810426541,0.586552217453505
0.9714964370546318,0.5851216022889842
0.9714285714285714,0.5836909871244635
0.9713603818615751,0.5822603719599427
0.9712918660287081,0.580829756795422
0.9712230215827338,0.5793991416309013
0.9735576923076923,0.5793991416309013
0.9734939759036144,0.5779685264663805
0.9734299516908212,0.5765379113018598
0.9733656174334141,0.575107296137339
0.9733009708737864,0.5736766809728183
0.9732360097323601,0.5722460658082976
0.973170731707317,0.5708154506437768
0.9731051344743277,0.5693848354792561
0.9730392156862745,0.5679542203147353
0.972972972972973,0.5665236051502146
0.9753694581280788,0.5665236051502146
0.9753086419753086,0.5650929899856938
0.9752475247524752,0.5636623748211731
0.9751861042183623,0.5622317596566524
0.9776119402985075,0.5622317596566524
0.9775561097256857,0.5608011444921316
0.9775,0.5593705293276109
0.9774436090225563,0.5579399141630901
0.9773869346733668,0.5565092989985694
0.9773299748110831,0.5550786838340487
0.9772727272727273,0.5536480686695279
0.9772151898734177,0.5522174535050072
0.9771573604060914,0.5507868383404864
0.9796437659033079,0.5507868383404864
0.9795918367346939,0.5493562231759657
0.979539641943734,0.547925608011445
0.9794871794871794,0.5464949928469242
0.9794344473007712,0.5450643776824035
0.979381443298969,0.5436337625178826
0.979328165374677,0.542203147353362
0.9792746113989638,0.5407725321888412
0.9792207792207792,0.5393419170243204
0.9791666666666666,0.5379113018597997
0.97911227154047,0.5364806866952789
0.9790575916230366,0.5350500715307582
0.979002624671916,0.5336194563662375
0.9815789473684211,0.5336194563662375
0.9815303430079155,0.5321888412017167
0.9841269841269841,0.5321888412017167
0.9840848806366048,0.530758226037196
0.9840425531914894,0.5293276108726752
0.984,0.5278969957081545
0.983957219251337,0.5264663805436338
0.9839142091152815,0.525035765379113
0.9838709677419355,0.5236051502145923
0.9838274932614556,0.5221745350500715
0.9837837837837838,0.5207439198855508
0.983739837398374,0.51931330472103
0.9864130434782609,0.51931330472103
0.9863387978142076,0.5164520743919886
0.9863013698630136,0.5150214592274678
0.989010989010989,0.5150214592274678
0.9889807162534435,0.5135908440629471
0.988950276243094,0.5121602288984263
0.9889196675900277,0.5107296137339056
0.9888888888888889,0.5092989985693849
0.9888579387186629,0.5078683834048641
0.9888268156424581,0.5064377682403434
0.988795518207283,0.5050071530758226
0.9887640449438202,0.5035765379113019
0.9887323943661972,0.5021459227467812
0.9887005649717514,0.5007153075822603
0.9886685552407932,0.49928469241773965
0.9886363636363636,0.4978540772532189
0.9886039886039886,0.49642346208869814
0.9885714285714285,0.4949928469241774
0.9885386819484241,0.49356223175965663
0.9885057471264368,0.49213161659513593
0.9884726224783862,0.4907010014306152
0.9884393063583815,0.4892703862660944
0.9884057971014493,0.48783977110157367
0.9883720930232558,0.4864091559370529
0.9883381924198251,0.48497854077253216
0.9883040935672515,0.48354792560801146
0.9882697947214076,0.4821173104434907
0.9882352941176471,0.48068669527896996
0.9882005899705014,0.4792560801144492
0.9881656804733728,0.47782546494992845
0.9881305637982196,0.47639484978540775
0.9880952380952381,0.474964234620887
0.9880597014925373,0.47353361945636624
0.9880239520958084,0.4721030042918455
0.987987987987988,0.47067238912732473
0.9879518072289156,0.46924177396280403
0.9879154078549849,0.4678111587982833
0.9878787878787879,0.4663805436337625
0.9878419452887538,0.46494992846924177
0.9878048780487805,0.463519313304721
0.9877675840978594,0.46208869814020026
0.9877300613496932,0.46065808297567956
0.9876923076923076,0.4592274678111588
0.9876543209876543,0.45779685264663805
0.9876160990712074,0.4563662374821173
0.9875776397515528,0.45493562231759654
0.9875389408099688,0.45350500715307585
0.9875,0.4520743919885551
0.987460815047022,0.45064377682403434
0.9905660377358491,0.45064377682403434
0.9905362776025236,0.4492131616595136
0.990506329113924,0.44778254649499283
0.9904761904761905,0.44635193133047213
0.9904458598726115,0.4449213161659514
0.9904153354632588,0.4434907010014306
0.9903846153846154,0.44206008583690987
0.9903536977491961,0.4406294706723891
0.9903225806451613,0.43919885550786836
0.9902597402597403,0.4363376251788269
0.990228013029316,0.43490701001430615
0.9901960784313726,0.4334763948497854
0.9901639344262295,0.43204577968526464
0.9901315789473685,0.43061516452074394
0.9900990099009901,0.4291845493562232
0.9900662251655629,0.42775393419170243
0.9900332225913622,0.4263233190271817
0.99,0.4248927038626609
0.9899665551839465,0.4234620886981402
0.9899328859060402,0.4220314735336195
0.9898648648648649,0.41917024320457796
0.9898305084745763,0.4177396280400572
0.9897959183673469,0.41630901287553645
0.9897610921501706,0.41487839771101576
0.9897260273972602,0.413447782546495
0.9896907216494846,0.41201716738197425
0.9896551724137931,0.4105865522174535
0.9896193771626297,0.40915593705293274
0.9895833333333334,0.40772532188841204
0.9895470383275261,0.4062947067238913
0.9895104895104895,0.40486409155937053
0.9894736842105263,0.4034334763948498
0.9894366197183099,0.402002861230329
0.9893992932862191,0.4005722460658083
0.9893617021276596,0.39914163090128757
0.9893238434163701,0.3977110157367668
0.9892857142857143,0.39628040057224606
0.989247311827957,0.3948497854077253
0.9892086330935251,0.39341917024320455
0.9891696750902527,0.39198855507868385
0.9891304347826086,0.3905579399141631
0.9890909090909091,0.38912732474964234
0.9890510948905109,0.3876967095851216
0.989010989010989,0.38626609442060084
0.9889705882352942,0.38483547925608014
0.988929889298893,0.3834048640915594
0.9888888888888889,0.38197424892703863
0.9888475836431226,0.3805436337625179
0.9925373134328358,0.3805436337625179
0.9925093632958801,0.3791130185979971
0.9924812030075187,0.3776824034334764
0.9924528301886792,0.37625178826895567
0.9924242424242424,0.3748211731044349
0.9923954372623575,0.37339055793991416
0.9923664122137404,0.3719599427753934
0.9923371647509579,0.37052932761087265
0.9923076923076923,0.36909871244635195
0.9922779922779923,0.3676680972818312
0.9922480620155039,0.36623748211731044
0.9922178988326849,0.3648068669527897
0.9921875,0.36337625178826893
0.9921568627450981,0.36194563662374823
0.9921259842519685,0.3605150214592275
0.9920948616600791,0.3590844062947067
0.9920634920634921,0.35765379113018597
0.9920318725099602,0.3562231759656652
0.992,0.3547925608011445
0.9919678714859438,0.35336194563662376
0.9919354838709677,0.351931330472103
0.9919028340080972,0.35050071530758226
0.991869918699187,0.3490701001430615
0.9918367346938776,0.34763948497854075
0.9918032786885246,0.34620886981402005
0.9917695473251029,0.3447782546494993
0.9917355371900827,0.34334763948497854
0.9958333333333333,0.3419170243204578
0.99581589958159,0.34048640915593703
0.9957983193277311,0.33905579399141633
0.9957805907172996,0.3376251788268956
0.9957627118644068,0.3361945636623748
0.9957264957264957,0.3333333333333333
0.9957081545064378,0.3319027181688126
0.9956896551724138,0.33047210300429186
0.9956709956709957,0.3290414878397711
0.9956521739130435,0.32761087267525035
0.9956331877729258,0.3261802575107296
0.9956140350877193,0.32474964234620884
0.9955947136563876,0.32331902718168815
0.995575221238938,0.3218884120171674
0.9955555555555555,0.32045779685264664
0.9955357142857143,0.3190271816881259
0.9955156950672646,0.31759656652360513
0.9954954954954955,0.31616595135908443
0.995475113122172,0.3147353361945637
0.9954545454545455,0.3133047210300429
0.9954337899543378,0.31187410586552217
1.0,0.31187410586552217
1.0,0.3104434907010014
1.0,0.3090128755364807
1.0,0.30758226037195996
1.0,0.3061516452074392
1.0,0.30472103004291845
1.0,0.3032904148783977
1.0,0.30185979971387694
1.0,0.30042918454935624
1.0,0.2989985693848355
1.0,0.29756795422031473
1.0,0.296137339055794
1.0,0.2947067238912732
1.0,0.2932761087267525
1.0,0.2918454935622318
1.0,0.290414878397711
1.0,0.28898426323319026
1.0,0.2875536480686695
1.0,0.2861230329041488
1.0,0.28469241773962806
1.0,0.28183118741058655
1.0,0.2804005722460658
1.0,0.27896995708154504
1.0,0.27753934191702434
1.0,0.2761087267525036
1.0,0.27467811158798283
1.0,0.2732474964234621
1.0,0.2718168812589413
1.0,0.2703862660944206
1.0,0.26895565092989987
1.0,0.2675250357653791
1.0,0.26609442060085836
1.0,0.2646638054363376
1.0,0.2632331902718169
1.0,0.26180257510729615
1.0,0.2603719599427754
1.0,0.25894134477825465
1.0,0.2575107296137339
1.0,0.25608011444921314
1.0,0.25464949928469244
1.0,0.2532188841201717
1.0,0.25178826895565093
1.0,0.2503576537911302
1.0,0.24892703862660945
1.0,0.2474964234620887
1.0,0.24606580829756797
1.0,0.24320457796852646
1.0,0.23891273247496422
1.0,0.23605150214592274
1.0,0.23462088698140202
1.0,0.23319027181688126
1.0,0.2317596566523605
1.0,0.23032904148783978
1.0,0.22889842632331903
1.0,0.22746781115879827
1.0,0.2246065808297568
1.0,0.22317596566523606
1.0,0.2217453505007153
1.0,0.22031473533619456
1.0,0.21888412017167383
1.0,0.21745350500715308
1.0,0.21602288984263232
1.0,0.2145922746781116
1.0,0.21316165951359084
1.0,0.2117310443490701
1.0,0.21030042918454936
1.0,0.20743919885550788
1.0,0.20457796852646637
1.0,0.20314735336194564
1.0,0.2017167381974249
1.0,0.20028612303290416
1.0,0.1988555078683834
1.0,0.19742489270386265
1.0,0.19456366237482117
1.0,0.19313304721030042
1.0,0.1888412017167382
1.0,0.18741058655221746
1.0,0.18311874105865522
1.0,0.18168812589413447
1.0,0.18025751072961374
1.0,0.17882689556509299
1.0,0.1759656652360515
1.0,0.17310443490701002
1.0,0.17024320457796852
1.0,0.1688125894134478
1.0,0.16738197424892703
1.0,0.1659513590844063
1.0,0.16022889842632332
1.0,0.15450643776824036
1.0,0.15164520743919885
1.0,0.15021459227467812
1.0,0.1473533619456366
1.0,0.1459227467811159
1.0,0.13876967095851217
1.0,0.13590844062947066
1.0,0.13304721030042918
1.0,0.12875536480686695
1.0,0.12303290414878398
1.0,0.11874105865522175
1.0,0.11301859799713877
1.0,0.10300429184549356
1.0,0.08869814020028613
1.0,0.0
